<table name="blog_category">
    <column name="category_srl" type="number" size="12" notnull="notnull" primary_key="primary_key" />
    <column name="parent_srl" type="number" size="12" notnull="notnull" default="0" />
    <column name="module_srl" type="number" size="12" notnull="notnull" index="idx_module_srl" />
    <column name="name" type="varchar" size="250" />
    <column name="expand" type="char" size="1" default="N" />
    <column name="group_srls" type="text" />
    <column name="listorder" type="number" size="11" default="0" inex="idx_listorder" />
    <column name="regdate" type="date" index="idx_regdate" />
</table>
