<query id="getTrigger" action="select">
    <tables>
        <table name="module_trigger" />
    </tables>
    <columns>
        <column name="*" />
    </columns>
    <conditions>
        <condition operation="equal" column="trigger_name" var="trigger_name" />
        <condition operation="equal" column="module" var="module" pipe="and" />
        <condition operation="equal" column="type" var="type" pipe="and" />
        <condition operation="equal" column="called_method" var="called_method" pipe="and" />
        <condition operation="equal" column="called_position" var="called_position" pipe="and" />
    </conditions>
</query>
