<?xml version="1.0" encoding="UTF-8"?>
<module version="0.2">
    <title xml:lang="ko">오류 표시</title>
    <title xml:lang="jp">エラー表示</title>
    <title xml:lang="zh-CN">错误信息</title>
    <title xml:lang="en">Display Errors</title>
    <title xml:lang="es">Mostrar el error</title>
    <title xml:lang="ru">Отображение ошибок</title>
    <description xml:lang="ko">오류 및 각종 시스템 메세지 관리 모듈</description>
    <description xml:lang="jp">エラー及びシステムメッセージ管理モジュール</description>
    <description xml:lang="zh-CN">管理错误信息及各种系统信息的模块。</description>
    <description xml:lang="en">This module managers erros and system messages.</description>
    <description xml:lang="es">Este módulo es para manejar los errores y mensajes del sistema.</description>
    <description xml:lang="ru">Этот модуль управляет ошибками и системными сообщениями.</description>
    <version>0.1</version>
    <date>2007-02-28</date>
    <category>base</category>

    <author email_address="zero@zeroboard.com" link="http://www.zeroboard.com">
        <name xml:lang="ko">제로</name>
        <name xml:lang="jp">Zero</name>
        <name xml:lang="zh-CN">zero</name>
        <name xml:lang="en">zero</name>
        <name xml:lang="es">zero</name>
        <name xml:lang="ru">zero</name>
    </author>
</module>