<?xml version="1.0" encoding="utf-8"?>
<module version="0.1" category="utility">
    <title xml:lang="ko">문서</title>
    <title xml:lang="en">Document</title>
    <title xml:lang="es">Documento</title>
    <title xml:lang="zh-CN">主题</title>
    <title xml:lang="jp">コンテンツ（ドキュメント）</title>
    <author email_address="zero@zeroboard.com" link="http://www.zeroboard.com" date="2007. 2. 28">
        <name xml:lang="ko">제로</name>
        <name xml:lang="en">Zero</name>
        <name xml:lang="es">zero</name>
        <name xml:lang="zh-CN">zero</name>
        <name xml:lang="jp">Zero</name>
        <description xml:lang="ko">게시판, 블로그등의 모듈에서 사용되는 문서를 관리하는 모듈입니다. </description>
        <description xml:lang="en">Module for managing documents used in board, blog, etc.</description>
        <description xml:lang="es">Módulo para manejar los documentos en blog y en los tableros.</description>
        <description xml:lang="zh-CN">管理版面，博客等处主题的模块。 </description>
        <description xml:lang="jp">掲示板、ブログなどのモジュールで使用されるコンテンツ（書き込み、ドキュメント）を管理するモジュールです。</description>
    </author>
</module>
