<?xml version="1.0" encoding="utf-8"?>
<widget version="0.1">
    <title xml:lang="ko">다운로드 랭킹 출력</title>
	<title xml:lang="zh-CN">输出下载排行</title>
    <author email_address="k10206@naver.com" link="http://php.simulz.com" date="2007. 8. 29">
        <name xml:lang="ko">Simulz</name>
		<name xml:lang="zh-CN">Simulz</name>
        <description xml:lang="ko">자료 내려받기 순위를 출력합니다.</description>
		<description xml:lang="zh-CN">输出下载文件顺位.</description>
    </author>
    <extra_vars>
        <var id="title">
            <name xml:lang="ko">제목</name>
			<name xml:lang="zh-CN">主题</name>
            <type>text</type>
            <description xml:lang="ko">위젯의 제목으로 출력됩니다.</description>
			<description xml:lang="zh-CN">输出控件的主题.</description>
        </var>
        <var id="list_count">
            <name xml:lang="ko">목록수</name>
			<name xml:lang="zh-CN">目录数</name>
            <type>text</type>
            <description xml:lang="ko">출력될 목록의 수를 정하실 수 있습니다. (기본 5개)</description>
			<description xml:lang="zh-CN">可以指定将输出的目录数.(默认 5个)</description>
        </var>
        <var id="attach_type">
            <name xml:lang="ko">파일 종류</name>
			<name xml:lang="zh-CN">文件类型</name>
            <type>select</type>
            <description xml:lang="ko">순위에 포함할 파일 종류를 선택하세요.</description>
			<description xml:lang="zh-CN">请选择输出目录中要包涵的文件类型.</description>
            <options>
                <name xml:lang="ko">모두</name>
				<name xml:lang="zh-CN">全部</name>
                <value>all</value>
            </options>
            <options>
                <name xml:lang="ko">이미지 제외</name>
				<name xml:lang="zh-CN">图片除外</name>
                <value>noimage</value>
            </options>
            <options>
                <name xml:lang="ko">이미지만</name>
				<name xml:lang="zh-CN">只输出图片类</name>
                <value>image</value>
            </options>
        </var>
        <var id="download">
            <name xml:lang="ko">내려 받기</name>
			<name xml:lang="zh-CN">显示下载链接</name>
            <type>select</type>
            <description xml:lang="ko">바로 내려 받는 링크를 보여줍니다.</description>
			<description xml:lang="zh-CN">显示直接下载链接</description>
            <options>
                <name xml:lang="ko">링크 보임</name>
				<name xml:lang="zh-CN">显示连接</name>
                <value>Y</value>
            </options>
            <options>
                <name xml:lang="ko">링크 숨김</name>
				<name xml:lang="zh-CN">隐藏链接</name>
                <value>N</value>
            </options>
        </var>
        <var id="mid_list">
            <name xml:lang="ko">대상 모듈</name>
			<name xml:lang="zh-CN">对象模块</name>
            <type>mid_list</type>
            <description xml:lang="ko">선택하신 모듈에 등록된 글을 대상으로 합니다.</description>
			<description xml:lang="zh-CN">被选中的模块将输出.</description>
        </var>
    </extra_vars>
</widget>
