<?xml version="1.0" encoding="utf-8"?>
<skin>
  <title xml:lang="ko">언어 출력</title>
  <title xml:lang="jp">言語選択</title>
  <title xml:lang="zh-CN">多国语言切换</title>
  <title xml:lang="en">Display Language</title>
  <maker email_address="zero@zeroboard.com" link="http://www.zeroboard.com" date="2007. 2. 28">
    <name xml:lang="ko">zero</name>
    <name xml:lang="jp">Zero</name>
    <name xml:lang="zh-CN">zero</name>
    <name xml:lang="en">zero</name>
    <description xml:lang="ko">스킨 기능이 없습니다</description>
    <description xml:lang="jp">スキン機能がありません。</description>
    <description xml:lang="zh-CN">不支持皮肤。</description>
    <description xml:lang="en">There is no skin function</description>
  </maker>
  <colorset>
    <color name="normal">
      <title xml:lang="ko">기본</title>
      <title xml:lang="jp">デフォルト</title>
      <title xml:lang="zh-CN">默认</title>
      <title xml:lang="en">default</title>
    </color>
  </colorset>
</skin>
