<?xml version="1.0" encoding="UTF-8"?>
<skin version="0.2">
    <title xml:lang="ko">그룹회원 출력 위젯 기본 스킨</title>
    <title xml:lang="jp">グループ会員表示ウィジェットのデフォルトスキン</title>
    <title xml:lang="en">Basic Skin of Group Member Display Widget</title>
    <title xml:lang="zh-CN">会员列表默认皮肤</title>
    <description xml:lang="ko">그룹회원 출력 위젯의 기본 스킨</description>
    <description xml:lang="jp">グループ会員表示ウィジェットのデフォルトスキン</description>
    <description xml:lang="en">Basic skin of group member display widget</description>
    <description xml:lang="zh-CN">显示特定用户组会员列表的默认皮肤。</description>
    <version>0.1</version>
    <date>2007-07-30</date>
    <link>http://www.zeroboard.com</link>

    <author email_address="zero@zeroboard.com" link="http://www.zeroboard.com">
        <name xml:lang="ko">제로</name>
        <name xml:lang="jp">Zero</name>
        <name xml:lang="en">zero</name>
        <name xml:lang="zh-CN">Zero</name>
    </author>

    <colorset>
        <color name="normal">
            <title xml:lang="ko">기본 컬러</title>
            <title xml:lang="jp">デフォルトカラー</title>
            <title xml:lang="en">Default Color</title>
            <title xml:lang="zh-CN">默认颜色</title>
        </color>
    </colorset>
</skin>