<?xml version="1.0" encoding="utf-8"?>
<module version="0.1" category="accessory">
    <title xml:lang="ko">기본 카운터</title>
    <title xml:lang="zh-CN">访问统计</title>
    <title xml:lang="en">Basic Counter</title>
    <title xml:lang="es">Contador Básico</title>
    <title xml:lang="jp">接続カウンター</title>
    <author email_address="zero@zeroboard.com" link="http://www.zeroboard.com" date="2007. 2. 28">
        <name xml:lang="ko">제로</name>
        <name xml:lang="zh-CN">zero</name>
        <name xml:lang="en">Zero</name>
        <name xml:lang="es">zero</name>
        <name xml:lang="jp">Zero</name>
        <description xml:lang="ko">기본 접속 통계 프로그램입니다.</description>
        <description xml:lang="zh-CN">默认访问统计程序。</description>
        <description xml:lang="en">Basic connection statistics program.</description>
        <description xml:lang="es">Programa básico para la estadística de la conección.</description>
        <description xml:lang="jp">接続統計のプログラムです。</description>
    </author>
</module>
