<?xml version="1.0" encoding="utf-8"?>
<skin>
  <title xml:lang="ko">제로보드XE 게시판 기본 스킨(목록형)</title>
  <title xml:lang="jp">ゼロボードXE掲示板のデフォルトスキン（リストスタイル）</title>
  <title xml:lang="zh-CN">Zeroboard XE Board 基本皮肤（目录型）</title>
  <title xml:lang="en">ZeroboardXE Basic Board Skin (List Style)</title>
  <maker email_address="zero@zeroboard.com" link="http://www.zeroboard.com" date="2007. 2. 28">
    <name xml:lang="ko">(주)NHN</name>
    <name xml:lang="jp">（株）NHN</name>
    <name xml:lang="zh-CN">(株)NHN</name>
    <name xml:lang="en">NHN Corp</name>
    <description xml:lang="ko">
        디자인 : 서기정 (http://blog.naver.com/addcozy)
        HTML/CSS : 정찬명 (http://naradesign.net)
    </description>
    <description xml:lang="jp">
        デザイン：ソギジョン (http://blog.naver.com/addcozy)
        HTML/CSS：ジョンチャンミョン (http://naradesign.net)
    </description>
    <description xml:lang="zh-CN">
        设计 : Ki-Jeong Seo (http://blog.naver.com/addcozy)
        HTML/CSS : Chan-Myung Jeong (http://naradesign.net)
    </description>
    <description xml:lang="en">
        Design : Ki-Jeong Seo (http://blog.naver.com/addcozy)
        HTML/CSS : Chan-Myung Jeong (http://naradesign.net)
    </description>
  </maker>
</skin>
