<?xml version="1.0" encoding="utf-8"?>
<widget version="0.1">
    <title xml:lang="ko">이미지 카운터 위젯</title>
    <author email_address="zero@zeroboard.com" link="http://www.zeroboard.com" date="2007. 8. 27">
        <name xml:lang="ko">제로</name>
        <description xml:lang="ko">
            제로보드XE의 기본 카운터를 블로그나 사이트에 달 수 있는 작은 그래프로 표시를 합니다.
            크기, 배경색등의 조건을 설정하지 않으시면 기본 설정으로 사용됩니다.
            그래프를 그리기 위해서 GD 라이브러리가 설치되어 있어야 합니다.
        </description>
    </author>
    <extra_vars>
        <var id="graph_width">
            <name xml:lang="ko">가로 크기</name>
            <type>text</type>
            <description xml:lang="ko">
                그래프 이미지의 가로크기를 지정하실 수 있습니다.
                지정하지 않으시면 150px로 지정되며 숫자로 입력을 해주세요.
                코드 생성 페이지의 하단에 있는 가로크기와 다르게 적용됩니다.
            </description>
        </var>
        <var id="graph_height">
            <name xml:lang="ko">세로 크기</name>
            <type>text</type>
            <description xml:lang="ko">
                그래프 이미지의 세로 크기를 지정하실 수 있습니다.
                지정하지 않으시면 100px로 지정되며 숫자로 입력을 해주세요.
            </description>
        </var>
        <var id="day_range">
            <name xml:lang="ko">출력 기간</name>
            <type>text</type>
            <description xml:lang="ko">
                오늘부터 지정하신 출력기간 만큼의 데이터를 그래프로 출력합니다.
                숫자를 입력해주세요. (기본 지난 7일)
            </description>
        </var>
        <var id="bg_color">
            <name xml:lang="ko">배경색</name>
            <type>text</type>
            <description xml:lang="ko"><![CDATA[지정하신 색상 코드로 배경을 그립니다. 
                기본 : #FFFFFF
                #과 6자리의 색상코드 입력해주세요]]></description>
        </var>
        <var id="check_bg_color">
            <name xml:lang="ko">체크 무늬 배경색</name>
            <type>text</type>
            <description xml:lang="ko"><![CDATA[지정하신 색상 코드로 체크 무늬 배경을 그립니다.
                기본 : <span style="color:#F9F9F9">#F9F9F9</span>
                #과 6자리의 색상코드 입력해주세요]]></description>
        </var>
        <var id="grid_color">
            <name xml:lang="ko">격자 선 색</name>
            <type>text</type>
            <description xml:lang="ko"><![CDATA[지정하신 색상 코드로 xy 격자를 그립니다.
                기본 : <span style="color:#9d9d9d">#9d9d9d</span>
                #과 6자리의 색상코드 입력해주세요]]></description>
        </var>
        <var id="unique_line_color">
            <name xml:lang="ko">그래프 선색</name>
            <type>text</type>
            <description xml:lang="ko"><![CDATA[지정하신 색상 코드로 방문자 그래프 선을 그립니다.
                기본 : <span style="color:#BBBBBB">#BBBBBB</span>
                #과 6자리의 색상코드 입력해주세요]]></description>
        </var>
        <var id="unique_text_color">
            <name xml:lang="ko">방문자 수 글자색</name>
            <type>text</type>
            <description xml:lang="ko"><![CDATA[지정하신 색상 코드로 방문자 수 글자를 표시합니다.
                기본 : <span style="color:#666666">#666666</span>
                #과 6자리의 색상코드 입력해주세요]]></description>
        </var>
        <var id="point_color">
            <name xml:lang="ko">포인트 점 색</name>
            <type>text</type>
            <description xml:lang="ko"><![CDATA[그래프의 꺽인 포인트 부분의 점 색을 지정할 수 있습니다.
                기본 : <span style="color:#ed3027">#ed3027</span>
                #과 6자리의 색상코드 입력해주세요]]></description>
        </var>
    </extra_vars>
</widget>
