<?xml version="1.0" encoding="utf-8"?>
<module version="0.1">
  <title xml:lang="ko">모듈</title>
  <title xml:lang="zh-CN">模块</title>
  <title xml:lang="jp">モジュール</title>
  <title xml:lang="en">Module</title>
  <author email_address="zero@zeroboard.com" link="http://www.zeroboard.com" date="2007. 2. 28">
    <name xml:lang="ko">제로</name>
    <name xml:lang="zh-CN">zero</name>
    <name xml:lang="jp">Zero</name>
    <name xml:lang="en">zero</name>
    <description xml:lang="ko">모듈 생성 및 관리하는 모듈입니다.</description>
    <description xml:lang="zh-CN">生成及管理模块的模块。</description>
    <description xml:lang="jp">モジュールの生成、管理するモジュールです。</description>
    <description xml:lang="en">This module is for creating/managering the other modules.</description>
  </author>
</module>
