<query id="getDocumentDivision" action="select">
    <tables>
        <table name="documents" />
    </tables>
    <columns>
        <column name="*" />
    </columns>
    <conditions>
        <condition operation="in" column="module_srl" var="module_srl" filter="number" />
        <condition operation="more" column="list_order" var="list_order" filter="number" pipe="and" />
    </conditions>
    <navigation>
        <index var="sort_index" default="list_order" order="order_type" />
        <list_count var="list_count" default="1" />
        <page_count var="page_count" default="1" />
        <page var="page" default="1" />
    </navigation>
</query>
