<?xml version="1.0" encoding="UTF-8"?>
<skin version="0.2">
    <title xml:lang="ko">기본 포럼형 위젯 스킨</title>
    <title xml:lang="jp">기본 포럼형 위젯 스킨</title>
    <title xml:lang="zh-CN">论坛主界面样式列表默认皮肤</title>
    <title xml:lang="en">기본 포럼형 위젯 스킨</title>
    <description xml:lang="ko">포럼형 위젯의 기본 스킨입니다.</description>
    <description xml:lang="jp">포럼형 위젯의 기본 스킨입니다.</description>
    <description xml:lang="zh-CN">论坛主界面样式列表默认皮肤。</description>
    <description xml:lang="en">포럼형 위젯의 기본 스킨입니다.</description>
    <version>0.1</version>
    <date>2008-01-23</date>
    <link>http://www.zeroboard.com</link>

    <author email_address="zero@zeroboard.com" link="http://www.zeroboard.com">
        <name xml:lang="ko">제로</name>
        <name xml:lang="jp">zero</name>
        <name xml:lang="zh-CN">zero</name>
        <name xml:lang="en">zero</name>
    </author>

    <colorset>
        <color name="white">
            <title xml:lang="ko">흰색 바탕용</title>
            <title xml:lang="jp">白い背景用</title>
            <title xml:lang="zh-CN">白色背景</title>
            <title xml:lang="en">White Background</title>
        </color>
    </colorset>
</skin>