<query id="getLoggedMembers" action="select">
    <tables>
        <table name="session" />
    </tables>
    <columns>
        <column name="member_srl" />
    </columns>
    <conditions>
        <condition operation="more" column="member_srl" default="1" pipe="and" />
        <condition operation="more" column="last_update" var="last_update" notnull="notnull" pipe="and" />
        <condition operation="equal" column="cur_mid" var="mid" pipe="and" />
    </conditions>
    <navigation>
        <list_count var="list_count" default="20" />
        <page_count var="page_count" default="10" />
        <page var="page" default="1" />
    </navigation>
    <groups>
        <group column="member_srl" />
    </groups>
</query>
