<?xml version="1.0" encoding="utf-8"?>
<skin>
  <title xml:lang="ko">XE 공식 로그인 정보 출력</title>
  <title xml:lang="jp">XEログイン情報表示</title>
  <title xml:lang="en">Display XE Official Login Info</title>
  <title xml:lang="zh-CN">XE 官方网站登陆表单皮肤</title>
  <maker email_address="zero@zeroboard.com" link="http://www.zeroboard.com" date="2007. 2. 28">
    <name xml:lang="ko">제로</name>
    <name xml:lang="jp">Zero</name>
	<name xml:lang="en">zero</name>
    <name xml:lang="zh-CN">Zero</name>
    <description xml:lang="ko">
        XE 공식 레이아웃에 적합한 로그인 정보 출력 위젯입니다.
        디자인 : 이소라 (http://ra-ra.pe.kr)
        퍼블리싱 : 정찬명 (http://naradesign.net)
        레이아웃 제작 : zero (http://blog.nzeo.com)
    </description>
    <description xml:lang="jp">
        XEレイアウトに適したログイン情報表示用のウィジェットです。
        デザイン：イソラ（http://ra-ra.pe.kr）
        パブリシング：ジョンチャンミョン（http://naradesign.net）
        レイアウト：Zero (http://blog.nzeo.com)
    </description>
	<description xml:lang="en">
        This is a suitable login info display widget for XE Official layout.
        Design : So-ra Lee (http://ra-ra.pe.kr)
        Publishing : Chan-Myeong Jeong (http://naradesign.net)
        Layout Maker : Zero (http://blog.nzeo.com)
    </description>
    <description xml:lang="zh-CN">
        适合XE 官房网站布局的登陆表单控件。
        设计 : So-Ra Lee(http://ra-ra.pe.kr)
        HTML/CSS : Chan-Myung Jeong(http://naradesign.net)
        布局: zero (http://blog.nzeo.com)
    </description>
  </maker>
  <colorset>
    <color name="default">
      <title xml:lang="ko">기본</title>
      <title xml:lang="jp">デフォルト</title>
      <title xml:lang="zh-CN">默认</title>
      <title xml:lang="en">default</title>
    </color>
    <color name="white">
        <title xml:lang="ko">하얀색</title>
        <title xml:lang="jp">白</title>
        <title xml:lang="en">white</title>
        <title xml:lang="zh-CN">白色</title>
    </color>
    <color name="black">
        <title xml:lang="ko">검은색</title>
        <title xml:lang="jp">黒</title>
        <title xml:lang="en">Black</title>
        <title xml:lang="zh-CN">黑色</title>
    </color>
  </colorset>
</skin>
