<query id="getCommentPageList" action="select">
    <tables>
        <table name="comments" alias="comments" />
        <table name="comments_list" alias="comments_list" />
    </tables>
    <columns>
        <column name="comments.*" />
        <column name="depth" alias="depth" />
    </columns>
    <conditions>
        <condition operation="equal" column="comments_list.document_srl" var="document_srl" notnull="notnull" pipe="and" />
        <condition operation="equal" column="comments_list.comment_srl" var="comments.comment_srl" filter="number" pipe="and" />
    </conditions>
    <navigation>
        <index var="sort_index" default="head" order="asc" />
        <index var="sort_index" default="arrange" order="asc" />
        <index var="sort_index" default="comment_srl" order="asc" />
        <list_count var="list_count" default="list_count" />
        <page_count var="page_count" default="10" />
        <page var="page" default="1" />
    </navigation>
</query>
