<?xml version="1.0" encoding="UTF-8"?>
<skin version="0.2">
	<title xml:lang="ko">제로보드XE 기본 에디터</title>
	<title xml:lang="zh-CN">Zeroboard XE编辑器默认皮肤</title>
	<title xml:lang="jp">ゼロボードXE基本エディター</title>
	<description xml:lang="ko">개발 : zero (http://www.zeroboard.com)</description>
	<description xml:lang="zh-CN">程序 : zero (http://www.zeroboard.com)	</description>
	<description xml:lang="jp">開発 : Zero (http://www.zeroboard.com)</description>
	<version>0.1</version>
	<date>2007-02-28</date>
	<link>http://www.zeroboard.com</link>

	<author email_address="zero@zeroboard.com" link="http://www.zeroboard.com">
		<name xml:lang="ko">zero</name>
		<name xml:lang="zh-CN">Zero</name>
		<name xml:lang="jp">Zero</name>
	</author>
</skin>