<?xml version="1.0" encoding="UTF-8"?>
<component version="0.2">
    <title xml:lang="ko">글자색 변경</title>
    <title xml:lang="jp">文字色変更</title>
    <title xml:lang="zh-CN">字体颜色</title>
    <title xml:lang="en">Change the color of text</title>
    <title xml:lang="es">Cambiar el color de texto</title>
    <title xml:lang="ru">Изменение цвета текста</title>
    <description xml:lang="ko">글자색을 변경합니다.</description>
    <description xml:lang="jp">文字色を変更します。</description>
    <description xml:lang="zh-CN">可修改字体颜色。</description>
    <description xml:lang="en">It will change the color of text.</description>
    <description xml:lang="es">Se va a cambiar el color del texto.</description>
    <description xml:lang="ru">Позволяет изменение цвета текста.</description>
    <version>0.1</version>
    <date>2007-02-28</date>

    <author email_address="zero@zeroboard.com" link="http://www.zeroboard.com">
        <name xml:lang="ko">제로</name>
        <name xml:lang="jp">Zero</name>
        <name xml:lang="zh-CN">zero</name>
        <name xml:lang="en">zero</name>
        <name xml:lang="es">zero</name>
        <name xml:lang="ru">zero</name>
    </author>
</component>