<?xml version="1.0" encoding="utf-8"?>
<widget version="0.1">
    <title xml:lang="ko">기본 카운터 위젯</title>
    <title xml:lang="jp">接続カウンター</title>
    <title xml:lang="en">Basic Counter Widget</title> 
    <title xml:lang="es">Widget de Contador Básico</title>
    <title xml:lang="zh-CN">计数器</title>
    <author email_address="zero@zeroboard.com" link="http://www.zeroboard.com" date="2007. 2. 28">
        <name xml:lang="ko">제로</name>
        <name xml:lang="jp">Zero</name>
        <name xml:lang="en">zero</name>
		<name xml:lang="es">zero</name>
        <name xml:lang="zh-CN">zero</name>
        <description xml:lang="ko">
            기본 카운터 모듈을 이용하여 전체, 어제, 오늘의 접속현황을 표시합니다.
            counter모듈이 설치되어 있어야 하고 counter 애드온이 켜져 있어야 합니다.
        </description>
        <description xml:lang="jp">
            デフォルトの接続カウンターモジュールを利用して、トータル、昨日、今日の接続状況を表示します。カウンター（counter）モジュールがインストールされていて、接続カウンター（counter）アドオンが「使用」に設定されていなければなりません。
        </description>
        <description xml:lang="en">
            This widget displays the number of people who have visited yesterday and today by using the basic counter module.
            It will also display the total count.
            To get this, the counter module should be installed and the counter add-on should be turned on.
        </description>
		<description xml:lang="es">
            Este widget de contador básico muestra los números de las personas visitadas en el día de ayer, hoy, y el total.
            Debe instalar el módulo del contador y debe activar el addon del contador.
        </description>
        <description xml:lang="zh-CN">
            利用访问统计模块显示总访问量以及昨天，今日的访问统计流量。
            要想使用此组件必须先安装访问统计模块且得激活访问统计插件。
        </description>
    </author>
    <extra_vars />
</widget>
