<?xml version="1.0" encoding="utf-8"?>
<skin>
  <title xml:lang="ko">기본 포럼형 위젯 스킨</title>
  <title xml:lang="jp">기본 포럼형 위젯 스킨</title>
  <title xml:lang="zh-CN">论坛主界面样式列表默认皮肤</title>
  <title xml:lang="en">기본 포럼형 위젯 스킨</title>
  <maker email_address="zero@zeroboard.com" link="http://www.zeroboard.com" date="2008. 1. 23">
    <name xml:lang="ko">제로</name>
    <name xml:lang="jp">zero</name>
    <name xml:lang="zh-CN">zero</name>
    <name xml:lang="en">zero</name>
    <description xml:lang="ko">
        포럼형 위젯의 기본 스킨입니다.
    </description>
    <description xml:lang="jp">
        포럼형 위젯의 기본 스킨입니다.
    </description>
    <description xml:lang="zh-CN">
        论坛主界面样式列表默认皮肤。
    </description>
    <description xml:lang="en">
        포럼형 위젯의 기본 스킨입니다.
    </description>
  </maker>
  <colorset>
    <color name="white">
      <title xml:lang="ko">흰색 바탕용</title>
      <title xml:lang="jp">白い背景用</title>
      <title xml:lang="zh-CN">白色背景</title>
      <title xml:lang="en">White Background</title>
    </color>
  </colorset>
</skin>
