<?xml version="1.0" encoding="UTF-8"?>
<widget version="0.2">
    <title xml:lang="ko">최근 댓글 출력</title>
    <title xml:lang="zh-CN">评论列表</title>
    <title xml:lang="jp">最新コメント表示</title>
    <title xml:lang="en">Newest Comments</title>
    <title xml:lang="es">Mostrar los comentarios recientes</title>
    <title xml:lang="ru">Отображение последних комментариев</title>
    <description xml:lang="ko">최근 댓글 (comment)를 출력하는 위젯입니다.</description>
    <description xml:lang="zh-CN">显示最新评论列表的控件。</description>
    <description xml:lang="jp">最新のコメント（comment）を表示させるウィジェットです。</description>
    <description xml:lang="en">This widget displays newest comments.</description>
    <description xml:lang="es">Este widget muestra los comentarios recientes.</description>
    <description xml:lang="ru">Этот виджет отображает последние комментарии.</description>
    <version>0.1</version>
    <date>2007-02-28</date>

    <author email_address="zero@zeroboard.com" link="http://www.zeroboard.com">
        <name xml:lang="ko">제로</name>
        <name xml:lang="zh-CN">Zero</name>
        <name xml:lang="jp">Zero</name>
        <name xml:lang="en">zero</name>
        <name xml:lang="es">zero</name>
        <name xml:lang="ru">zero</name>
    </author>


    <extra_vars>
        <var id="title">
            <type>text</type>
            <name xml:lang="ko">제목</name>
            <name xml:lang="zh-CN">栏目名</name>
            <name xml:lang="jp">タイトル</name>
            <name xml:lang="en">Title</name>
            <name xml:lang="es">Título</name>
            <name xml:lang="ru">Заголовок</name>
            <description xml:lang="ko">최근 댓글의 제목으로 출력됩니다.</description>
            <description xml:lang="zh-CN">显示为最新评论列表的输入的标题。</description>
            <description xml:lang="jp">最新のコメント書き込みのタイトルとして表示されます。</description>
            <description xml:lang="en">This will be the title of newest comments.</description>
            <description xml:lang="es">Este será el título de los comentarios recientes.</description>
            <description xml:lang="ru">Это будет заголовком последних комментариев.</description>
        </var>
        <var id="list_count">
            <type>text</type>
            <name xml:lang="ko">목록수</name>
            <name xml:lang="zh-CN">目录数</name>
            <name xml:lang="jp">リスト数</name>
            <name xml:lang="en">The Number of List</name>
            <name xml:lang="es">Número de la lista</name>
            <name xml:lang="ru">Число списка</name>
            <description xml:lang="ko">출력될 목록의 수를 정하실 수 있습니다. (기본 5개)</description>
            <description xml:lang="zh-CN">可设置要显示的目录数。 (默认为5个)</description>
            <description xml:lang="jp">出力されるリストの数が指定できます（デフォルト５個）</description>
            <description xml:lang="en">You can set the number of list(default is 5).</description>
            <description xml:lang="es">Usted puede definir el número de la lista(predefinido: 5).</description>
            <description xml:lang="ru">Вы можете выбрать число списка. (стандарт: 5)</description>
        </var>
        <var id="subject_cut_size">
            <type>text</type>
            <name xml:lang="ko">제목 글자수</name>
            <name xml:lang="jp">タイトルの文字数</name>
            <name xml:lang="zh-CN">标题字数</name>
            <name xml:lang="en">Length of Subject</name>
            <name xml:lang="es">Número de letras del título</name>
            <name xml:lang="ru">Длина темы</name>
            <description xml:lang="ko">제목 글자수를 지정할 수 있습니다. (0또는 비워주시면 자르지 않습니다)</description>
            <description xml:lang="jp">タイトルの文字数が指定できます（「0」または空欄の場合は、文字数を制限しません）。</description>
            <description xml:lang="zh-CN">可以设置标题的字数。(0或留空为不限)</description>
            <description xml:lang="en">Length of Subject can be assigned. (0 or blank value will not restrict the length)</description>
            <description xml:lang="es">El largo del título puede ser asignado. (valor 0 o en blanco no restringe el largo)</description>
            <description xml:lang="ru">Длина темы может быть присвоена. (0 или пустое значение не будут ограничивать длину)</description>
        </var>
        <var id="mid_list">
            <type>mid_list</type>
            <name xml:lang="ko">대상 모듈</name>
            <name xml:lang="zh-CN">模块对象</name>
            <name xml:lang="jp">モジュール</name>
            <name xml:lang="en">Target Module</name>
            <name xml:lang="es">Módulo objetivo</name>
            <name xml:lang="ru">Модуль назначения</name>
            <description xml:lang="ko">선택하신 모듈에 등록된 글을 대상으로 합니다.</description>
            <description xml:lang="zh-CN">将把被选模块当中的主题作为对象。</description>
            <description xml:lang="jp">チェックされたモジュールに登録されたコンテンツ（書き込み）を対象とします。</description>
            <description xml:lang="en">The target articles for the newest comments will be the ones submitted in the selected module.</description>
            <description xml:lang="es">El objetivo de los comentarios recientes serán los comentarios agragados en el módulo selccionado.</description>
            <description xml:lang="ru">Статьи назначения для последних комментариев будут теми, что были размещены в выбранном модуле.</description>
        </var>
    </extra_vars>
</widget>