<filter name="signup" module="member" act="procMemberInsert" extend_filter="member.getJoinFormList" confirm_msg_code="confirm_submit">
    <form>
        <node target="user_id" required="true" minlength="2" maxlength="80" filter="userid" />
        <node target="password1" required="true" minlength="6" maxlength="20" />
        <node target="password2" required="true" minlength="6" maxlength="20" equalto="password1" />
        <node target="user_name" required="true" minlength="2" maxlength="40" />
        <node target="nick_name" required="true" minlength="2" maxlength="40" />
        <node target="email_address" required="true" minlength="1" maxlength="200" filter="email"/>
    </form>
    <parameter>
        <param name="accept_agreement" target="accept_agreement" />
        <param name="member_srl" target="member_srl" />
        <param name="user_id" target="user_id" />
        <param name="password" target="password1" />
        <param name="user_name" target="user_name" />
        <param name="nick_name" target="nick_name" />
        <param name="homepage" target="homepage" />
        <param name="blog" target="blog" />
        <param name="birthday" target="birthday" />
        <param name="allow_mailing" target="allow_mailing" />
        <param name="email_address" target="email_address" />
    </parameter>
    <response callback_func="completeInsert">
        <tag name="error" />
        <tag name="message" />
        <tag name="redirect_url" />
    </response>
</filter>
