<?xml version="1.0" encoding="UTF-8"?>
<component version="0.2">
    <title xml:lang="ko">Creative Commons Licenses</title>
    <title xml:lang="es">Licencias Creative Commons</title>
    <title xml:lang="ru">Creative Commons Licenses</title>
    <title xml:lang="jp">クリエイティブコモンズライセンス</title>
    <title xml:lang="zh-CN">知识共享许可协议</title>
    <title xml:lang="en">Creative Commons Licenses</title>
    <description xml:lang="ko">CCL 라이선스를 출력합니다.</description>
    <description xml:lang="es">CCL licencia de producto</description>
    <description xml:lang="ru">CCL 라이선스를 출력합니다.</description>
    <description xml:lang="jp">CCLライセンスを表示します。</description>
    <description xml:lang="zh-CN">显示知识共享许可协议。</description>
    <description xml:lang="en">Output CCL license</description>
    <version>0.1</version>
    <date>2008-01-07</date>
    <link>http://zeroboard.com</link>

    <author email_address="zero@zeroboard.com" link="http://zeroboard.com">
        <name xml:lang="ko">zero</name>
        <name xml:lang="es">zero</name>
        <name xml:lang="ru">zero</name>
        <name xml:lang="jp">Zero</name>
        <name xml:lang="zh-CN">zero</name>
        <name xml:lang="en">zero</name>
    </author>
</component>