<?xml version="1.0" encoding="utf-8"?>
<module version="0.12" category="service">
    <title xml:lang="ko">라이프팟 연동</title>
    <title xml:lang="en">Lifepod</title>
    <title xml:lang="jp">Lifepod連動</title>
	<title xml:lang="ru">Лайфпод</title>
	<title xml:lang="es">Lifepod</title>
	<title xml:lang="zh-CN">Lifepod</title>

    <author email_address="haneul0318@gmail.com" link="http://seungyeop.kr" date="2007.12.10">
        <name xml:lang="ko">haneul</name>
        <name xml:lang="en">haneul</name>
        <name xml:lang="jp">haneul</name>
        <description xml:lang="ko">라이프팟의 calendar를 제로보드XE에서 연동하여 출력하는 기능을 가지고 있는 모듈입니다.</description>
		<description xml:lang="es">Este módulo muestra calendario de lifepod.</description>
		<description xml:lang="zh-CN">把Lifepod日历连接到zbXE的模块。</description>
        <description xml:lang="en">This module displays calendar from lifepod.</description> 
        <description xml:lang="jp">(Openmaru社提供の)LifepodサービスのカレンダーをゼロボードXEに連動して出力するモジュールです。</description>
		<description xml:lang="ru">Этот модуль отображает календать с lifepod'а.</description>
    </author>
</module>
