<?xml version="1.0" encoding="UTF-8"?>
<skin version="0.2">
    <title xml:lang="ko">최신글 목록 기본 스킨</title>
    <title xml:lang="jp">最新書き込みリストのデフォルトスキン</title>
    <title xml:lang="zh-CN">主题列表默认皮肤</title>
    <title xml:lang="en">Default Skin of Newest Article List</title>
    <description xml:lang="ko">최신글 목록 위젯의 기본 스킨</description>
    <description xml:lang="jp">最新書き込みリストウィジェットのデフォルトスキン</description>
    <description xml:lang="zh-CN">主题列表控件的默认皮肤。</description>
    <description xml:lang="en">Default skin of newest article list widget</description>
    <version>0.1</version>
    <date>2007-02-28</date>
    <link>http://www.zeroboard.com</link>

    <author email_address="zero@zeroboard.com" link="http://www.zeroboard.com">
        <name xml:lang="ko">제로</name>
        <name xml:lang="jp">Zero</name>
        <name xml:lang="zh-CN">zero</name>
        <name xml:lang="en">zero</name>
    </author>

    <colorset>
        <color name="normal">
            <title xml:lang="ko">기본 컬러</title>
            <title xml:lang="jp">デフォルトカラー</title>
            <title xml:lang="zh-CN">默认颜色</title>
            <title xml:lang="en">Default color</title>
        </color>
        <color name="blue">
            <title xml:lang="ko">푸른계통의 컬러</title>
            <title xml:lang="jp">青系のカラー</title>
            <title xml:lang="zh-CN">蓝色</title>
            <title xml:lang="en">Blue style color</title>
        </color>
    </colorset>
</skin>