<?xml version="1.0" encoding="UTF-8"?>
<module version="0.2">
    <title xml:lang="ko">설문조사</title>
    <title xml:lang="zh-CN">投票调查</title>
    <title xml:lang="jp">アンケート</title>
    <title xml:lang="en">Poll</title>
    <title xml:lang="es">Encuesta</title>
    <title xml:lang="ru">Опрос</title>
    <description xml:lang="ko">설문조사 관리 모듈</description>
    <description xml:lang="zh-CN">管理投票调查的模块。</description>
    <description xml:lang="jp">アンケート管理モジュール</description>
    <description xml:lang="en">This module is for managering polls.</description>
    <description xml:lang="es">Este módulo es para manejar las encuestas.</description>
    <description xml:lang="ru">Этот модуль служит для управления опросами.</description>
    <version>0.1</version>
    <date>2007-02-28</date>
    <category>accessory</category>
    <link>http://www.zeroboard.com</link>

    <author email_address="zero@zeroboard.com" link="http://www.zeroboard.com">
        <name xml:lang="ko">제로</name>
        <name xml:lang="zh-CN">Zero</name>
        <name xml:lang="jp">Zero</name>
        <name xml:lang="en">zero</name>
        <name xml:lang="es">zero</name>
        <name xml:lang="ru">zero</name>
    </author>
</module>