<?xml version="1.0" encoding="UTF-8"?>
<module version="0.2">
    <title xml:lang="ko">스팸필터</title>
    <title xml:lang="zh-CN">垃圾过滤</title>
    <title xml:lang="en">Spam Filter</title>
    <title xml:lang="es">Filtro de Spam</title>
    <title xml:lang="jp">スパムフィルター</title>
    <title xml:lang="ru">Фильтр спама</title>
    <description xml:lang="ko">제로보드 XE의 기본 스팸필터입니다.</description>
    <description xml:lang="zh-CN">Zeroboard XE的基本垃圾过滤模块。</description>
    <description xml:lang="en">A default spam filter of Zeroboard XE.</description>
    <description xml:lang="es">Filtro de Span predefinido de Zeroboard XE.</description>
    <description xml:lang="jp">ゼロボードXEのスパムフィルターです。</description>
    <description xml:lang="ru">Стандартный фильтр спама Zeroboard XE.</description>
    <version>0.1</version>
    <date>2007-02-28</date>
    <category>accessory</category>
    <link>http://www.zeroboard.com</link>

    <author email_address="zero@zeroboard.com" link="http://www.zeroboard.com">
        <name xml:lang="ko">제로</name>
        <name xml:lang="zh-CN">Zero</name>
        <name xml:lang="en">zero</name>
        <name xml:lang="es">zero</name>
        <name xml:lang="jp">Zero</name>
        <name xml:lang="ru">zero</name>
    </author>
</module>