<?xml version="1.0" encoding="UTF-8"?>
<addon version="0.2">
    <title xml:lang="ko">포인트 레벨 아이콘 표시 애드온</title>
    <title xml:lang="zh-CN">积分级别图标</title>
    <title xml:lang="jp">ポイントレベルアイコン表示アドオン</title>
    <title xml:lang="en">Point Level Icon</title>
    <title xml:lang="ge">Point-Level-Symbol</title>
    <title xml:lang="es">Addon para mostar el nivel del ícono</title>
    <title xml:lang="ru">Аддон для отображения иконки уровня</title>
    <description xml:lang="ko">
        포인트 시스템을 사용중일 경우 사용자 이름 앞에 레벨 아이콘을 표시하도록 합니다.
        레벨 아이콘은 모듈 &gt; 포인트시스템에서 선택 가능합니다.
    </description>
    <description xml:lang="zh-CN">
        使用积分系统时，可以在用户名前显示级别图标。
        级别图标可以在模块 &gt; 积分系统中进行选择。
    </description>
    <description xml:lang="jp">
        ポイントシステムを使用している場合、ユーザ名の前にレベルアイコンを表示させます。
        レベルアイコンは、「モジュール&gt;ポイントシステム」で選択できます。
    </description>
    <description xml:lang="en">
        This addon displays level icon in front of the user name when you are using the point system.
        You can choose the level icon on Module &gt; Point System.
    </description>
    <description xml:lang="ge">
        Dieses Addon zeigt Level Icon vor dem Benutzernamen, wenn Sie die Punkte-System.
        Sie können wählen, der Level Icon in Modul> Point-System.
    </description>
    <description xml:lang="es">
        Este addon muestra el nivel del ícono delante del nombre del usuario cuando es usado el sistema de puntos.
        Tu puedes elegir los icono de cada nivel en el módulo &gt; Sistema de Puntos.
    </description>
    <description xml:lang="ru">
        Этот аддон отображает иконку уровня напротив имени пользователя, когда используется система поинтов.
        Вы можете выбрать иконку уровня на Модуле Системы Поинтов.
    </description>
    <version>0.1</version>
    <date>2007-07-26</date>

    <author email_address="zero@zeroboard.com" link="http://www.zeroboard.com">
        <name xml:lang="ko">제로</name>
        <name xml:lang="zh-CN">Zero</name>
        <name xml:lang="jp">Zero</name>
        <name xml:lang="en">zero</name>
        <name xml:lang="ge">zero</name>
        <name xml:lang="es">zero</name>
        <name xml:lang="ru">zero</name>
    </author>
</addon>