<?xml version="1.0" encoding="UTF-8"?>
<module version="0.2">
    <title xml:lang="ko">RSS</title>
    <title xml:lang="zh-CN">RSS</title>
    <title xml:lang="jp">RSS</title>
    <title xml:lang="en">RSS</title>
    <title xml:lang="es">RSS</title>
    <title xml:lang="ru">RSS</title>
    <description xml:lang="ko">RSS 출력을 담당하는 모듈</description>
    <description xml:lang="zh-CN">负责输出RSS的模块。</description>
    <description xml:lang="jp">RSS出力を担うモジュールです。</description>
    <description xml:lang="en">This modules is for printing RSS.</description>
    <description xml:lang="es">Este módulo es para imprimir RSS.</description>
    <description xml:lang="ru">Этот модуль служит для печати RSS.</description>
    <version>0.1</version>
    <date>2007-02-28</date>
    <category>utility</category>
    <link>http://www.zeroboard.com</link>

    <author email_address="zero@zeroboard.com" link="http://www.zeroboard.com">
        <name xml:lang="ko">제로</name>
        <name xml:lang="zh-CN">Zero</name>
        <name xml:lang="jp">Zero</name>
        <name xml:lang="en">zero</name>
        <name xml:lang="es">zero</name>
        <name xml:lang="ru">zero</name>
    </author>
</module>