<?xml version="1.0" encoding="utf-8"?>
<skin>
    <title xml:lang="ko">회원 기본 스킨</title>
    <title xml:lang="zh-CN">会员模块默认皮肤</title>
    <title xml:lang="jp">会員デフォルトスキン</title>
    <title xml:lang="en">Default Member Skin</title>
	<title xml:lang="es">Por defecto miembro piel</title>
	<title xml:lang="ru">По умолчанию членом кожи</title>
    <maker email_address="zero@zeroboard.com" link="http://www.zeroboard.com" date="2007. 2. 28">
        <name xml:lang="ko">(주)NHN</name>
        <name xml:lang="jp">（株）NHN</name>
        <name xml:lang="zh-CN">(株)NHN</name>
        <name xml:lang="en">NHN Corp</name>
		<name xml:lang="es">NHN Corp</name>
		<name xml:lang="ru">NHN Корп</name>
        <description xml:lang="ko">
            회원모듈의 default스킨
            디자인 : 서기정 (http://blog.naver.com/addcozy)
            HTML/CSS : 정찬명 (http://naradesign.net)
        </description>
        <description xml:lang="zh-CN">
            会员模块的默认皮肤。
            设计 : Ki-Jeong Seo (http://blog.naver.com/addcozy)
            HTML/CSS : Chan-Myung Jeong (http://naradesign.net)
        </description>
        <description xml:lang="jp">
            会員モジュールのデフォルトスキン
            デザイン：ソギジョン (http://blog.naver.com/addcozy)
            HTML/CSS：ジョンチャンミョン (http://naradesign.net)
        </description>
        <description xml:lang="en">
            default skin of member module
            Design : Ki-Jeong Seo (http://blog.naver.com/addcozy)
            HTML/CSS : Chan-Myung Jeong (http://naradesign.net)
        </description>
		<description xml:lang="es">
            Por defecto de la piel miembro módulo 
             Diseño: Ki-Jeong Seo (http://blog.naver.com/addcozy) 
             HTML / CSS: Jeong Chan-Myung (http://naradesign.net)
        </description>
		<description xml:lang="ru">
            умолчанию кожу члена модуль 
             Дизайн: Ги Чен Се (http://blog.naver.com/addcozy) 
             HTML / CSS: Чен-Чен Мен (http://naradesign.net)
        </description>
    </maker>
    <colorset>
        <color name="white" src="screenshot/white.gif">
            <title xml:lang="ko">기본</title>
            <title xml:lang="zh-CN">默认</title>
            <title xml:lang="jp">デフォルト</title>
            <title xml:lang="en">default</title>
			<title xml:lang="es">Por defecto</title>
			<title xml:lang="ru">умолчанию</title>
        </color>
        <color name="cyan" src="screenshot/cyan.gif">
          <title xml:lang="ko">청록색</title>
          <title xml:lang="jp">青緑</title>
	      <title xml:lang="zh-CN">青绿色</title>
          <title xml:lang="en">cyan</title>
		  <title xml:lang="es">Cian</title>
		  <title xml:lang="ru">бирюзовый</title>
        </color>
        <color name="green" src="screenshot/green.gif">
          <title xml:lang="ko">초록색</title>
          <title xml:lang="jp">緑</title>
	      <title xml:lang="zh-CN">绿色</title>
          <title xml:lang="en">green</title>
		  <title xml:lang="es">Verde</title>
		  <title xml:lang="ru">зеленый</title>
        </color>
        <color name="red" src="screenshot/red.gif">
          <title xml:lang="ko">빨간색</title>
          <title xml:lang="jp">赤</title>
	      <title xml:lang="zh-CN">红色</title>
          <title xml:lang="en">red</title>
		  <title xml:lang="es">Roja</title>
		  <title xml:lang="ru">красный</title>
        </color>
        <color name="purple" src="screenshot/purple.gif">
          <title xml:lang="ko">보라색</title>
          <title xml:lang="jp">紫</title>
	      <title xml:lang="zh-CN">紫色</title>
          <title xml:lang="en">purple</title>
		  <title xml:lang="es">Púrpura</title>
		  <title xml:lang="ru">Лиловый</title>
        </color>
        <color name="black" src="screenshot/black.gif">
            <title xml:lang="ko">검은색</title>
            <title xml:lang="jp">黒</title>
            <title xml:lang="en">Black</title>
            <title xml:lang="ru">Черного</title>
            <title xml:lang="es">Negro</title>
            <title xml:lang="zh-CN">黑色</title>
        </color>
    </colorset>
</skin>
