<?xml version="1.0" encoding="utf-8"?>
<skin>
  <title xml:lang="ko">Simulz 스킨 (Select 메뉴)</title>
  <title xml:lang="jp">Simulz スキン (Select メニュー)</title>
  <title xml:lang="zh-CN">Simulz样式Select菜单型皮肤</title>
  <title xml:lang="en">Simulz Skin (Select menu)</title>
  <maker email_address="simulz@simulz.com" link="http://php.simulz.com" date="2007. 11. 5">
    <name xml:lang="ko">Simulz</name>
    <name xml:lang="jp">Simulz</name>
	<name xml:lang="zh-CN">Simulz</name>
	<name xml:lang="en">Simulz</name>
    <description xml:lang="ko">
        Simulz 스킨입니다.
    </description>
    <description xml:lang="jp">
        Simulz スキンです。
    </description>
	<description xml:lang="zh-CN">
        Simulz样式Select菜单型皮肤。
    </description>
	<description xml:lang="en">
        This is Simulz skin.
    </description>
  </maker>
  <colorset>
    <color name="Box_000">
      <title xml:lang="ko">기본</title>
      <title xml:lang="jp">デフォルト</title>
	  <title xml:lang="zh-CN">默认</title>
	  <title xml:lang="en">Default</title>
    </color>
    <color name="Box_001">
      <title xml:lang="ko">회색</title>
      <title xml:lang="jp">灰</title>
	  <title xml:lang="zh-CN">灰色</title>
	  <title xml:lang="en">Gray</title>
    </color>
    <color name="Box_002">
      <title xml:lang="ko">연두</title>
	  <title xml:lang="zh-CN">淡绿</title>
	  <title xml:lang="en">Yellowish Green</title>
    </color>
    <color name="Box_003">
      <title xml:lang="ko">분홍</title>
      <title xml:lang="jp">ピンク</title>
	  <title xml:lang="zh-CN">粉红</title>
	  <title xml:lang="en">Pink</title>
    </color>
    <color name="Box_004">
      <title xml:lang="ko">보라</title>
      <title xml:lang="jp">紫</title>
	  <title xml:lang="zh-CN">淡青</title>
	  <title xml:lang="en">Purple</title>
    </color>
    <color name="Box_005">
      <title xml:lang="ko">밝은 파랑</title>
      <title xml:lang="jp">水</title>
	  <title xml:lang="zh-CN">浅蓝</title>
	  <title xml:lang="en">Bright Blue</title>
    </color>
    <color name="Box_006">
      <title xml:lang="ko">청록</title>
      <title xml:lang="jp">青緑</title>
	  <title xml:lang="zh-CN">青绿</title>
	  <title xml:lang="en">Bluish Green</title>
    </color>
    <color name="Box_007">
      <title xml:lang="ko">초록</title>
      <title xml:lang="jp">緑</title>
	  <title xml:lang="zh-CN">草绿</title>
	  <title xml:lang="en">Green</title>
    </color>
    <color name="Box_008">
      <title xml:lang="ko">노랑</title>
      <title xml:lang="jp">黄</title>
	  <title xml:lang="zh-CN">黄色</title>
	  <title xml:lang="en">Yellow</title>
    </color>
    <color name="Box_009">
      <title xml:lang="ko">파랑</title>
      <title xml:lang="jp">青</title>
	  <title xml:lang="zh-CN">蓝色</title>
	  <title xml:lang="en">Blue</title>
    </color>
  </colorset>
</skin>
