<?xml version="1.0" encoding="utf-8"?>
<module version="0.1" category="service">
    <title xml:lang="ko">회원</title>
    <title xml:lang="zh-CN">会员</title>
    <title xml:lang="jp">会員</title>
    <title xml:lang="en">Member</title>
	<title xml:lang="es">Usuario</title>
    <title xml:lang="ru">Пользователи</title>
    <author email_address="zero@zeroboard.com" link="http://www.zeroboard.com" date="2007. 2. 28">
        <name xml:lang="ko">제로</name>
        <name xml:lang="zh-CN">Zero</name>
        <name xml:lang="jp">Zero</name>
        <name xml:lang="en">zero</name>
		<name xml:lang="es">zero</name>
        <name xml:lang="ru">zero</name>
        <description xml:lang="ko">회원 관리 및 회원 관련 설정등을 하는 모듈입니다.</description>
        <description xml:lang="zh-CN">对会员进行管理及相关设置的模块。</description>
        <description xml:lang="jp">会員管理及び会員関連設定などを行うモジュールです。</description>
        <description xml:lang="en">This module is for managing or configuring members.</description>
		<description xml:lang="en">Este módulo es para el manejo y la configuración de los usuarios.</description>
        <description xml:lang="ru">Этот модуль служит для управления и конфигурирования пользователей.</description>
    </author>
</module>
