<?xml version="1.0" encoding="utf-8"?>
<module version="0.1">
    <title xml:lang="ko">게시판</title>
    <title xml:lang="zh-CN">版面</title>
    <title xml:lang="en">Board</title>
    <title xml:lang="es">Tablero</title>
    <title xml:lang="jp">掲示板</title>
    <author email_address="zero@zeroboard.com" link="http://www.zeroboard.com" date="2007. 2. 28">
        <name xml:lang="ko">제로</name>
        <name xml:lang="zh-CN">zero</name>
        <name xml:lang="en">zero</name>
        <name xml:lang="es">zero</name>
        <name xml:lang="jp">Zero</name>
        <description xml:lang="ko">게시판의 기능을 담당하는 모듈. 게시판의 생성/추가 관리등의 관리자 기능도 포함합니다.</description>
        <description xml:lang="zh-CN">给用户提供相应版面功能，将包含版面的生成/添加及版面管理等管理员功能。</description>
        <description xml:lang="en">Module of the board''s function. Also includes administrator functions such as creating/managing boards.</description>
        <description xml:lang="es">Módulo para la función del tablero. Incluye funciones de administración como crear/ agregar o el manejo de los tableros.</description>
        <description xml:lang="jp">掲示板の機能を担うモジュールです。掲示板の生成・追加・管理などの管理者機能も含まれています。</description>
    </author>
</module>
