<?xml version="1.0" encoding="utf-8"?>
<module version="0.1">
    <title xml:lang="ko">꼬리표</title>
    <title xml:lang="zh-CN">标签</title>
    <title xml:lang="jp">タグ</title>
    <title xml:lang="en">Tag</title>
	<title xml:lang="es">Etiqueta</title>
    <author email_address="zero@zeroboard.com" link="http://www.zeroboard.com" date="2007. 2. 28">
        <name xml:lang="ko">제로</name>
        <name xml:lang="zh-CN">zero</name>
        <name xml:lang="jp">Zero</name>
        <name xml:lang="en">Zero</name>
		<name xml:lang="es">Zero</name>
        <description xml:lang="ko">꼬리표 관리 모듈</description>
        <description xml:lang="zh-CN">标签管理模块。</description>
        <description xml:lang="jp">タグ管理用のモジュールです。</description>
        <description xml:lang="en">Module for managing tags</description>
		<description xml:lang="es">Módulo para manejar etiquetas</description>
    </author>
</module>
