<?xml version="1.0" encoding="utf-8"?>
<skin>
  <title xml:lang="ko">달력 및 글 현황 표시</title>
  <title xml:lang="jp">カレンダーと書き込みリンク表示</title>
  <title xml:lang="zh-CN">日历默认皮肤</title>
  <title xml:lang="en">Display Calendar and Article Status</title>
  <maker email_address="zero@zeroboard.com" link="http://www.zeroboard.com" date="2007. 2. 28">
    <name xml:lang="ko">제로</name>
    <name xml:lang="jp">Zero</name>
    <name xml:lang="zh-CN">zero</name>
    <name xml:lang="en">zero</name>
    <description xml:lang="ko">calendar위젯의 블로그에 어울리는 기본 스킨입니다.</description>
    <description xml:lang="jp">カレンダー（calendar）ウィジェットのブログに適したデフォルトスキンです。</description>
    <description xml:lang="zh-CN">适合用于博客的日历默认皮肤。</description>
    <description xml:lang="en">It is a default skin which matches with calendar widget's blog well.</description>
  </maker>
  <colorset>
    <color name="normal">
      <title xml:lang="ko">기본 컬러</title>
      <title xml:lang="jp">デフォルトカラー</title>
      <title xml:lang="zh-CN">默认颜色</title>
      <title xml:lang="en">Default color</title>
    </color>
    <color name="layout">
      <title xml:lang="ko">레이아웃에 맞춤</title>
      <title xml:lang="jp">レイアウトに合わせる</title>
      <title xml:lang="zh-CN">随布局</title>
      <title xml:lang="en">레이아웃에 맞춤</title>
    </color>
  </colorset>
</skin>
