<?xml version="1.0" encoding="utf-8"?>
<component version="0.1">
    <title xml:lang="ko">멀티미디어 자료 관리</title>
    <title xml:lang="jp">マルチメディア管理</title>
    <title xml:lang="zh-CN">多媒体</title>
    <title xml:lang="en">Manage Multimedia Data</title>
	<title xml:lang="es">Administrar datos multimedia </title>
    <title xml:lang="ru">Управление мультимедиа данными</title>
    <author email_address="zero@zeroboard.com" link="http://www.zeroboard.com" date="2007. 2. 28">
        <name xml:lang="ko">제로</name>
        <name xml:lang="jp">Zero</name>
        <name xml:lang="zh-CN">zero</name>
        <name xml:lang="en">zero</name>
		<name xml:lang="es">zero</name>
        <name xml:lang="ru">zero</name>
        <description xml:lang="ko">에디터에 wmv,avi,flv등의 멀티미디어 자료를 추가하거나 속성을 수정할 수 있습니다.</description>
        <description xml:lang="jp">エディターに拡張子が「wmv,avi,flv」などのマルチメディアコンテンツを追加、または属性の修正ができます。</description>
        <description xml:lang="zh-CN">插入wmv,avi,flv等多媒体文件或修改其相应属性 。</description>
        <description xml:lang="en">It can add multimedia data like wmv,avi,flv to editor or change the attribution of multimedia data.</description>
		<description xml:lang="es">Se pueden agregar datos multimedia como wmv, avi, flv al editor o cambiar la atribución de datos multimedia.</description>
        <description xml:lang="ru">Это может добавить мультимедиа данные как wmv,avi,flv в редактор или изменить параметры данных мультимедиа.</description>
    </author>
</component>
