<?xml version="1.0" encoding="UTF-8"?>
<component version="0.2">
    <title xml:lang="ko">설문조사 컴포넌트</title>
    <title xml:lang="jp">アンケート調査</title>
    <title xml:lang="zh-CN">投票调查</title>
    <title xml:lang="en">Poll Component</title>
    <title xml:lang="es">Componente Poll</title>
    <title xml:lang="ru">Компонент опросов</title>
    <description xml:lang="ko">글 작성시에 설문조사를 첨부하실 수 있습니다. 설문조사 컴포넌트는 설문조사 모듈의 설정에 영향을 받습니다.</description>
    <description xml:lang="jp">書き込みの時、アンケート機能の追加ができます。アンケートモジュールの影響を受けます。</description>
    <description xml:lang="zh-CN">发表主题时可以附加投票调查。投票调查组件受投票调查模块设置的影响。</description>
    <description xml:lang="en">You can attach a poll on writing articles. Poll component is affected by setting of poll module.</description>
    <description xml:lang="es">Puede adjuntar una encuesta sobre la redacción de artículos. Encuesta componente se ve afectada por la configuración de módulo de encuesta.</description>
    <description xml:lang="ru">Вы можете присоединить опрос при написании статей. Компонент опросов зависит от настроек модуля отпросов.</description>
    <version>0.1</version>
    <date>2007-02-28</date>

    <author email_address="zero@zeroboard.com" link="http://www.zeroboard.com">
        <name xml:lang="ko">제로</name>
        <name xml:lang="jp">Zero</name>
        <name xml:lang="zh-CN">zero</name>
        <name xml:lang="en">zero</name>
        <name xml:lang="es">zero</name>
        <name xml:lang="ru">zero</name>
    </author>
</component>