<?xml version="1.0" encoding="utf-8"?>
<component version="0.1">
    <title xml:lang="ko">Code Highlighter</title>
	<title xml:lang="zh-CN">Code Highlighter</title>
    <author email_address="bnufactory@gmail.com" link="http://bnufactory.com" date="2007. 11. 11">
        <name xml:lang="ko">BNU</name>
		<name xml:lang="zh-CN">BNU</name>
        <description xml:lang="ko">코드를 보기 좋게 출력합니다.</description>
		<description xml:lang="zh-CN">输出整洁的代码.</description>
    </author>
</component>