<?xml version="1.0" encoding="UTF-8"?>
<addon version="0.2">
    <title xml:lang="ko">레인보우 링크 애드온</title>
    <title xml:lang="zh-CN">Rainbow链接</title>
    <title xml:lang="en">Rainbow Link Addon</title>
    <title xml:lang="ge">Rainbow Link Addon</title>
    <title xml:lang="es">Adición Enlace Arco Iris</title>
    <title xml:lang="jp">レインボーリンクアドオン</title>
    <title xml:lang="ru">Аддон для радужных ссылок</title>
    <description xml:lang="ko">
        rainbow.js를 header에 추가하여 링크가 걸린 글의 색을 무지개색으로 나타냅니다.
        이 애드온의 rainbow.js는 &lt;a href=&quot;http://www.dynamicdrive.com&quot; target=&quot;_blank&quot;&gt;Dynamicdrive.com&lt;/a&gt;에 저작권이 있습니다.
    </description>
    <description xml:lang="zh-CN">
        把rainbow.js添加到header区使链接显示为彩虹色。
        此插件的rainbow.js文件版权属于 &lt;a href=&quot;http://www.dynamicdrive.com&quot; target=&quot;_blank&quot;&gt;Dynamicdrive.com&lt;/a&gt;
    </description>
    <description xml:lang="en">
        This addon will insert the &quot;rainbow.js&quot; file to the header, which will make the linked text to get the chameleon(rainbow) color change effect.
        &quot;rainbow.js&quot; Copyrightⓒ2007 &lt;a href=&quot;http://www.dynamicdrive.com&quot; target=&quot;_blank&quot;&gt;Dynamicdrive.com&lt;/a&gt;.
    </description>
    <description xml:lang="ge">
        Dieses Addon wird ersetzt durch die &quot;rainbow.js&quot;-Datei auf den Kopf, wodurch der verlinkten Text, um das Chamäleon (Regenbogen) Farbwechsel-Effekt.
        &quot;rainbow.js&quot; Copyright ⓒ 2007 &lt;a href=&quot;http://www.dynamicdrive.com&quot; target=&quot;_blank&quot;&gt; Dynamicdrive.com &lt;/a&gt;.
    </description>
    <description xml:lang="es">
        incluye rainbow.js en header para mostrar enlaces en colores de arco iris.
        &lt;a href=&quot;http://www.dynamicdrive.com&quot; target=&quot;_blank&quot;&gt;Dynamicdrive.com&lt;/a&gt; tiene derecho de autor sobre rainbow.js
    </description>
    <description xml:lang="jp">
        「rainbow.js」をヘッダーに追加し、リンクされている文字列の色を虹色で表示します。この機能拡張の「 rainbow.js」は「&lt;a href=&quot;http://www.dynamicdrive.com&quot; target=&quot;_blank&quot;&gt;Dynamicdrive.com&lt;/a&gt;」に著作権があります。
    </description>
    <description xml:lang="ru">
        Этот аддон добавляет файл с именем &quot;rainbow.js&quot; в заголовки HTML, и тогда связанный текс приобретает эффект смены цвета, подобно радуге или хамелеону.
        &quot;rainbow.js&quot; Copyrightⓒ2007 &lt;a href=&quot;http://www.dynamicdrive.com&quot; target=&quot;_blank&quot;&gt;Dynamicdrive.com&lt;/a&gt;.
    </description>
    <version>0.1</version>
    <date>2007-02-28</date>

    <author email_address="webmaster@dynamicdrive.com" link="http://dynamicdrive.com">
        <name xml:lang="ko">dynamicdrive.com</name>
        <name xml:lang="zh-CN">dynamicdrive.com</name>
        <name xml:lang="en">dynamicdrive.com</name>
        <name xml:lang="ge">dynamicdrive.com</name>
        <name xml:lang="es">dynamicdrive.com</name>
        <name xml:lang="jp">dynamicdrive.com</name>
        <name xml:lang="ru">dynamicdrive.com</name>
    </author>
</addon>