<?xml version="1.0" encoding="utf-8"?>
<component version="0.1">
    <title xml:lang="ko">이모티콘 출력</title>
    <title xml:lang="jp">顔文字（イモティコン）</title>
    <title xml:lang="zh-CN">表情图标</title>
    <title xml:lang="en">Display Emoticons</title>
	<title xml:lang="es">Mostrar iconos gestuales</title>
    <title xml:lang="ru">Отображение смайлов</title>
    <author email_address="zero@zeroboard.com" link="http://www.zeroboard.com" date="2007. 2. 28">
        <name xml:lang="ko">제로</name>
        <name xml:lang="jp">Zero</name>
        <name xml:lang="zh-CN">zero</name>
        <name xml:lang="en">zero</name>
		<name xml:lang="es">zero</name>
		<name xml:lang="ru">zero</name>
        <description xml:lang="ko">이모티콘을 에디터에 삽입할 수 있습니다.</description>
        <description xml:lang="jp">顔文字（イモティコン）をエディターに追加することができます。</description>
        <description xml:lang="zh-CN">可以插入表情图标到编辑器。</description>
        <description xml:lang="en">You may insert emoticons to editor.</description>
        <description xml:lang="ru">Вы можете вставить смыйлы в редактор.</description>
    </author>
</component>
