<?xml version="1.0" encoding="utf-8"?>
<module version="0.1">
    <title xml:lang="ko">설치관리</title>
    <title xml:lang="en">Manage installation</title>
    <title xml:lang="zh-CN">安装管理</title>
    <title xml:lang="jp">インストール管理</title>
    <title xml:lang="es">Manajo de la Instalación</title>
    <author email_address="zero@zeroboard.com" link="http://www.zeroboard.com" date="2007. 2. 28">
        <name xml:lang="ko">제로</name>
        <name xml:lang="en">Zero</name>
        <name xml:lang="zh-CN">zero</name>
        <name xml:lang="jp">Zero</name>
        <name xml:lang="es">Zero</name>
        <description xml:lang="ko">설치 관리 모듈</description>
        <description xml:lang="en">Module for managing installation</description>
        <description xml:lang="zh-CN">安装管理模块。</description>
        <description xml:lang="jp">インストール管理モジュール</description>
        <description xml:lang="es">Módulo para el manejo de la instalación</description>
    </author>
</module>
