<?xml version="1.0" encoding="UTF-8"?>
<skin version="0.2">
    <title xml:lang="ko">플래시 디지털 시계</title>
    <title xml:lang="zh-CN">Flash数字时钟</title>
    <title xml:lang="jp">フラッシュデジタル時計</title>
    <title xml:lang="en">Flash Digital Clock</title>
    <description xml:lang="ko">플래시 디지털 시계를 출력합니다. 자체적인 오른쪽 마우스 메뉴를 사용가능합니다.</description>
    <description xml:lang="zh-CN">显示Flash数字时钟。</description>
    <description xml:lang="jp">フラッシュのデジタル時計を出力します。右クリックマウスのメニューが使用できます。</description>
    <description xml:lang="en">It displays flash digital clock.</description>
    <version>0.1</version>
    <date>2007-07-26</date>
    <link>http://www.zeroboard.com</link>

    <author email_address="ac7614@empas.com" link="http://widz.inven.co.kr">
        <name xml:lang="ko">드로아크</name>
        <name xml:lang="zh-CN">DroArc</name>
        <name xml:lang="jp">DroArc</name>
        <name xml:lang="en">DroArc</name>
    </author>

    <colorset>
        <color name="normal">
            <title xml:lang="ko">일반</title>
            <title xml:lang="zh-CN">普通</title>
            <title xml:lang="jp">ノーマル</title>
            <title xml:lang="en">Normal</title>
        </color>
    </colorset>
</skin>