<?xml version="1.0" encoding="utf-8"?>
<module version="0.1">
    <title xml:lang="ko">제로보드 데이터 이전</title>
    <title xml:lang="en">Zeroboard data transferation</title>
    <title xml:lang="zh-CN">数据导入</title>
    <title xml:lang="jp">ZBデータ移転</title>
    <title xml:lang="es">Transferenciación de datos ZeroBoard</title>
    <author email_address="zero@zeroboard.com" link="http://www.zeroboard.com" date="2007. 2. 28">
        <name xml:lang="ko">제로</name>
        <name xml:lang="en">Zero</name>
        <name xml:lang="zh-CN">zero</name>
        <name xml:lang="jp">Zero</name>
        <name xml:lang="es">Zero</name>
        <description xml:lang="ko">XML파일을 이용하여 회원정보 또는 게시판등의 데이터를 입력합니다. </description>
        <description xml:lang="en">Inputting member information or board's data using XML file.</description>
        <description xml:lang="zh-CN">利用XML文件导入会员信息或版面数据。</description>
        <description xml:lang="jp">XMLファイルを用いて会員情報または掲示板などの情報を入力します。</description>
        <description xml:lang="es">Utiliza archivo XML para la transferencia de información de miembros y articulos.</description>
    </author>
</module>
