<?xml version="1.0" encoding="utf-8"?>
<component version="0.1">
    <title xml:lang="ko">Creative Commons Licenses</title>
	<title xml:lang="es">Licencias Creative Commons</title>
	<title xml:lang="ru">Creative Commons Licenses</title>
	<title xml:lang="jp">クリエイティブコモンズライセンス</title>
	<title xml:lang="zh-CN">Creative Commons Licenses</title>
	<title xml:lang="en">Creative Commons Licenses</title>
    <author email_address="zero@zeroboard.com" link="http://zeroboard.com" date="2008. 1. 7">
        <name xml:lang="ko">zero</name>
		<name xml:lang="es">zero</name>
		<name xml:lang="ru">zero</name>
		<name xml:lang="jp">Zero</name>
		<name xml:lang="zh-CN">zero</name>
		<name xml:lang="en">zero</name>
        <description xml:lang="ko">CCL 라이센스를 출력합니다.</description>
		<description xml:lang="es">CCL licencia de producto</description>
		<description xml:lang="ru">CCL 라이센스를 출력합니다.</description>
		<description xml:lang="jp">CCLライセンスを表示します。</description>
		<description xml:lang="zh-CN">CCL 라이센스를 출력합니다.</description>
		<description xml:lang="en">Output CCL license</description>
    </author>
</component>
