<?xml version="1.0" encoding="UTF-8"?>
<module version="0.2">
    <title xml:lang="ko">애드온</title>
    <title xml:lang="en">Addon</title>
    <title xml:lang="es">Addon</title>
    <title xml:lang="zh-CN">插件</title>
    <title xml:lang="jp">アドオン</title>
    <title xml:lang="fr">Additions</title>
    <title xml:lang="ru">Аддоны</title>
    <description xml:lang="ko">애드온을 등록하거나 사용/미사용을 설정하는 애드온 관리 모듈입니다.</description>
    <description xml:lang="en">This module is for maintaining addons which can toggle use and disuse states.</description>
    <description xml:lang="es">Este Módulo es para agregar Addons, como también el manejo de ellos.</description>
    <description xml:lang="zh-CN">登录插件或设置启用/禁用插件的管理模块。</description>
    <description xml:lang="jp">アドオンの「登録、使用、未使用」などを設定する管理モジュールです。</description>
    <description xml:lang="fr">Ce module est pour les Additions de maintien qui peuvent basculer des états d'utilisation et de désuétude. </description>
    <description xml:lang="ru">Этот модуль служит для управления аддонами, использование которых Вы можете включать и выключать.</description>
    <version>0.1</version>
    <date>2007-02-28</date>
    <category>manager</category>
    <link>http://www.zeroboard.com</link>

    <author email_address="zero@zeroboard.com" link="http://www.zeroboard.com">
        <name xml:lang="ko">제로</name>
        <name xml:lang="en">zero</name>
        <name xml:lang="es">zero</name>
        <name xml:lang="zh-CN">zero</name>
        <name xml:lang="jp">Zero</name>
        <name xml:lang="fr">Zero</name>
        <name xml:lang="ru">Zero</name>
    </author>
</module>