<?xml version="1.0" encoding="utf-8"?>
<skin>
  <title xml:lang="ko">분류 출력 기본 스킨</title>
  <title xml:lang="en">Default Skin of Category Widget</title>
  <title xml:lang="zh-CN">分类输出基本皮肤</title>
  <maker email_address="zero@zeroboard.com" link="http://www.zeroboard.com" date="2007. 2. 28">
    <name xml:lang="ko">제로</name>
	<name xml:lang="en">Zero</name>
	<name xml:lang="zh-CN">Zero</name>
    <description xml:lang="ko">게시글 분류를 출력하는 기본 스킨입니다</description>
	<description xml:lang="en">This is a widget that displays categories of articles.</description>
	<description xml:lang="zh-CN">输出主题分类的基本皮肤</description>
  </maker>
  <colorset>
    <color name="normal">
      <title xml:lang="ko">기본 컬러</title>
	  <title xml:lang="en">Default Color</title>
	  <title xml:lang="zh-CN">默认颜色</title>
    </color>
  </colorset>
</skin>
