<?xml version="1.0" encoding="utf-8"?>
<module version="0.1" category="manager">
    <title xml:lang="ko">위젯</title>
    <title xml:lang="zh-CN">控件</title>
    <title xml:lang="jp">ウィジェット</title>
    <title xml:lang="en">Widget</title>
	<title xml:lang="es">Widget</title>
    <author email_address="zero@zeroboard.com" link="http://www.zeroboard.com" date="2007. 2. 28">
        <name xml:lang="ko">제로</name>
        <name xml:lang="zh-CN">zero</name>
        <name xml:lang="jp">Zero</name>
        <name xml:lang="en">Zero</name>
		<name xml:lang="es">Zero</name>
        <description xml:lang="ko">위젯 관리 모듈</description>
        <description xml:lang="zh-CN">控件管理模块。</description>
        <description xml:lang="ko">ウィジェット管理モジュール</description>
        <description xml:lang="en">Module for managing widgets</description>
		<description xml:lang="es">Módulo para el manejo de widgets</description>
    </author>
</module>
