<?xml version="1.0" encoding="UTF-8"?>
<skin version="0.2">
    <title xml:lang="ko">웹진형 최근글 출력 기본 스킨</title>
    <title xml:lang="jp">ウェブジンスタイルの最新コンテンツ出力デフォルトスキン</title>
    <title xml:lang="zh-CN">网络杂志型主题列表默认皮肤</title>
    <title xml:lang="en">Default Skin of Webzine Style Newest Articles</title>
    <description xml:lang="ko">글 목록과 이미지가 같이 출력되는 웹진형 스킨입니다. 이미지가 있는 글들만 노출이 됩니다.</description>
    <description xml:lang="jp">コンテンツリストとイメージが一緒に出力されるウェブジンスタイルスキンです。イメージを含むコンテンツのみ表示されます。</description>
    <description xml:lang="zh-CN">可以同时显示最新主题列表及缩略图的网络杂志型默认皮肤。只显示有图片的最新主题。</description>
    <description xml:lang="en">This is a webzine style skin that displays article list and images. Articles with images will be exposed only.</description>
    <version>0.1</version>
    <date>2007-11-22</date>
    <link>http://www.zeroboard.com</link>

    <author email_address="zero@zeroboard.com" link="http://www.zeroboard.com">
        <name xml:lang="ko">제로</name>
        <name xml:lang="jp">Zero</name>
        <name xml:lang="zh-CN">Zero</name>
        <name xml:lang="en">Zero</name>
    </author>

    <colorset>
        <color name="normal">
            <title xml:lang="ko">기본 컬러</title>
            <title xml:lang="jp">デフォルトカラー</title>
            <title xml:lang="zh-CN">默认颜色</title>
            <title xml:lang="en">Default Color</title>
        </color>
    </colorset>
</skin>