<?xml version="1.0" encoding="utf-8"?>
<skin>
  <title xml:lang="ko">블로그 스타일의 최신글 목록</title>
  <title xml:lang="jp">ブログスタイルの最新コンテンツリスト</title>
  <title xml:lang="zh-CN">博客式最新主题列表</title>
  <title xml:lang="en">Newest Article List of Blog Style</title>
  <maker email_address="zero@zeroboard.com" link="http://www.zeroboard.com" date="2007. 2. 28">
    <name xml:lang="ko">제로</name>
    <name xml:lang="jp">Zero</name>
    <name xml:lang="zh-CN">zero</name>
    <name xml:lang="en">zero</name>
    <description xml:lang="ko">블로그 스타일로 최신글을 출력합니다.</description>
    <description xml:lang="jp">ブログスタイルで最新のコンテンツを表示します。</description>
    <description xml:lang="zh-CN">显示为博客式的最新主题列表。</description>
    <description xml:lang="en">It displays newest article with blog style.</description>
  </maker>
  <colorset>
    <color name="layout">
      <title xml:lang="ko">레이아웃에 맞춤</title>
      <title xml:lang="jp">レイアウトに合わせる</title>
      <title xml:lang="zh-CN">随布局</title>
      <title xml:lang="en">레이아웃에 맞춤</title>
    </color>
    <color name="normal">
      <title xml:lang="ko">기본 컬러</title>
      <title xml:lang="jp">デフォルトカラー</title>
      <title xml:lang="zh-CN">默认颜色</title>
      <title xml:lang="en">Default color</title>
    </color>
    <color name="cyan">
      <title xml:lang="ko">청록색</title>
      <title xml:lang="jp">青緑</title>
      <title xml:lang="zh-CN">青绿色</title>
      <title xml:lang="en">cyan</title>
    </color>
    <color name="green">
      <title xml:lang="ko">초록색</title>
      <title xml:lang="jp">緑</title>
      <title xml:lang="zh-CN">绿色</title>
      <title xml:lang="en">green</title>
    </color>
    <color name="red">
      <title xml:lang="ko">빨간색</title>
      <title xml:lang="jp">赤</title>
      <title xml:lang="zh-CN">红色</title>
      <title xml:lang="en">red</title>
    </color>
    <color name="purple">
      <title xml:lang="ko">보라색</title>
      <title xml:lang="jp">紫</title>
      <title xml:lang="zh-CN">紫色</title>
      <title xml:lang="en">purple</title>
    </color>
  </colorset>
</skin>
