<?xml version="1.0" encoding="utf-8"?>
<skin>
  <title xml:lang="ko">플래시 시계</title>
  <title xml:lang="jp">フラッシュ時計</title>
  <title xml:lang="zh-CN">Flash时钟</title>
  <title xml:lang="en">Flash Clock</title>
  <maker email_address="styx@bystyx.com" link="http://www.bystyx.com" date="2007. 2. 28">
    <name xml:lang="ko">styx</name>
    <name xml:lang="jp">Styx</name>
    <name xml:lang="zh-CN">styx</name>
    <name xml:lang="en">styx</name>
    <description xml:lang="ko">플래시 시계를 출력합니다.</description>
    <description xml:lang="jp">フラッシュ時計を表示します。</description>
    <description xml:lang="zh-CN">显示Flash时钟。</description>
    <description xml:lang="en">It displays flash clock.</description>
  </maker>
  <colorset>
    <color name="moto">
      <title xml:lang="ko">moto</title>
      <title xml:lang="jp">MOTO</title>
      <title xml:lang="zh-CN">moto</title>
      <title xml:lang="en">moto</title>
    </color>
    <color name="vis">
      <title xml:lang="ko">vis</title>
      <title xml:lang="jp">VIS</title>
      <title xml:lang="zh-CN">vis</title>
      <title xml:lang="en">vis</title>
    </color>
    <color name="red">
      <title xml:lang="ko">red</title>
      <title xml:lang="jp">RED</title>
      <title xml:lang="zh-CN">red</title>
      <title xml:lang="en">red</title>
    </color>
  </colorset>
</skin>
