<?xml version="1.0" encoding="utf-8"?>
<addon version="0.2">
  <title xml:lang="ko">회원 확장 정보 출력</title>
  <title xml:lang="jp">회원 확장 정보 출력</title>
  <title xml:lang="zh-CN">用户扩展信息</title>
  <title xml:lang="en">Extra Member Info</title>
  <title xml:lang="ge">회원 확장 정보 출력</title>
  <title xml:lang="es">회원 확장 정보 출력</title>
  <title xml:lang="ru">회원 확장 정보 출력</title>
  <author email_address="zero@zeroboard.com" link="http://www.zeroboard.com" date="2007. 2. 28">
    <name xml:lang="ko">제로</name>
    <name xml:lang="jp">Zero</name>
    <name xml:lang="zh-CN">zero</name>
    <name xml:lang="en">zero</name>
	<name xml:lang="ge">zero</name>
    <name xml:lang="es">zero</name>
    <name xml:lang="ru">zero</name>
    <description xml:lang="ko">
        회원이 등록한 이미지이름, 이미지마크를 사용하기 위해서는 이 애드온을 활성화 시키세요.
    </description>
    <description xml:lang="jp">
        회원이 등록한 이미지이름, 이미지마크를 사용하기 위해서는 이 애드온을 활성화 시키세요.
    </description>
    <description xml:lang="zh-CN">
        此插件将把用户信息中的昵称图片，用户图标，签名等信息显示到页面当中。
    </description>
    <description xml:lang="en">
        This addon displays a member's image name, image mark.
    </description>
	<description xml:lang="ge">
        회원이 등록한 이미지이름, 이미지마크를 사용하기 위해서는 이 애드온을 활성화 시키세요.
    </description>
    <description xml:lang="es">
        회원이 등록한 이미지이름, 이미지마크를 사용하기 위해서는 이 애드온을 활성화 시키세요.
    </description>
    <description xml:lang="ru">
        회원이 등록한 이미지이름, 이미지마크를 사용하기 위해서는 이 애드온을 활성화 시키세요.
    </description>
  </author>
</addon>
