<?xml version="1.0" encoding="utf-8"?>
<module version="0.1" category="service">
    <title xml:lang="ko">라이프팟 연동</title>
    <title xml:lang="en">Lifepod</title>
    <author email_address="haneul0318@gmail.com" link="http://haneul.zetyx.net" date="2007.12.10">
        <name xml:lang="ko">haneul</name>
	<name xml:lang="en">haneul</name>
        <description xml:lang="ko">라이프팟의 calendar를 제로보드XE에서 연동하여 출력하는 기능을 가지고 있는 모듈입니다.</description>
	<description xml:lang="en">This module displays calendar from lifepod.</description> 
    </author>
</module>
