<?xml version="1.0" encoding="utf-8"?>
<component version="0.1">
    <title xml:lang="ko">멀티미디어 자료 관리</title>
    <title xml:lang="jp">マルチメディア管理</title>
    <title xml:lang="zh-CN">多媒体</title>
    <title xml:lang="en">Manage Multimedia Data</title>
    <author email_address="zero@zeroboard.com" link="http://www.zeroboard.com" date="2007. 2. 28">
        <name xml:lang="ko">제로</name>
        <name xml:lang="jp">Zero</name>
        <name xml:lang="zh-CN">zero</name>
        <name xml:lang="en">zero</name>
        <description xml:lang="ko">에디터에 wmv,avi,flv등의 멀티미디어 자료를 추가하거나 속성을 수정할 수 있습니다.</description>
        <description xml:lang="jp">エディターで拡張子が「wmv,avi,flv」などのマルチメディアコンテンツを追加したり、属性を修正したりすることができます。</description>
        <description xml:lang="zh-CN">插入wmv,avi,flv等多媒体文件或修改其相应属性 。</description>
        <description xml:lang="en">It can add multimedia data like wmv,avi,flv to editor or change the attribution of multimedia data.</description>
    </author>
</component>
