<?xml version="1.0" encoding="utf-8"?>
<skin>
  <title xml:lang="ko">월별 보관 현황 목록 출력</title>
  <title xml:lang="jp">月別のアーカイブリスト表示</title>
  <title xml:lang="zh-CN">存档列表默认皮肤</title>
  <title xml:lang="en">Monthly Custody Status</title>
  <maker email_address="zero@zeroboard.com" link="http://www.zeroboard.com" date="2007. 2. 28">
    <name xml:lang="ko">제로</name>
    <name xml:lang="zh-CN">zero</name>
    <name xml:lang="en">zero</name>
    <description xml:lang="ko">월별 보관 현황 목록을 출력합니다.</description>
    <description xml:lang="jp">月別のアーカイブリストを表示します。</description>
    <description xml:lang="zh-CN">显示存档列表。</description>
    <description xml:lang="en">It displays monthly custody status.</description>
  </maker>
  <colorset>
    <color name="layout">
      <title xml:lang="ko">레이아웃에 맞춤</title>
      <title xml:lang="jp">레이아웃에 맞춤</title>
      <title xml:lang="zh-CN">레이아웃에 맞춤</title>
      <title xml:lang="en">레이아웃에 맞춤</title>
    </color>
    <color name="normal">
      <title xml:lang="ko">기본 컬러</title>
      <title xml:lang="jp">デフォルトカラー</title>
      <title xml:lang="zh-CN">默认颜色</title>
      <title xml:lang="en">Default color</title>
    </color>
    <color name="cyan">
      <title xml:lang="ko">청록색</title>
      <title xml:lang="jp">cyan</title>
      <title xml:lang="zh-CN">青绿色</title>
      <title xml:lang="en">cyan</title>
    </color>
    <color name="green">
      <title xml:lang="ko">초록색</title>
      <title xml:lang="jp">green</title>
      <title xml:lang="zh-CN">绿色</title>
      <title xml:lang="en">green</title>
    </color>
    <color name="red">
      <title xml:lang="ko">빨간색</title>
      <title xml:lang="jp">red</title>
      <title xml:lang="zh-CN">红色</title>
      <title xml:lang="en">red</title>
    </color>
    <color name="purple">
      <title xml:lang="ko">보라색</title>
      <title xml:lang="jp">purple</title>
      <title xml:lang="zh-CN">紫色</title>
      <title xml:lang="en">purple</title>
    </color>
  </colorset>
</skin>
