<?xml version="1.0" encoding="UTF-8"?>
<component version="0.2">
    <title xml:lang="ko">링크 생성</title>
    <title xml:lang="jp">リンク生成</title>
    <title xml:lang="zh-CN">链接</title>
    <title xml:lang="en">Create Link</title>
    <title xml:lang="es">Crear Link</title>
    <title xml:lang="ru">Создание ссылок</title>
    <description xml:lang="ko">에디터에 링크를 추가하거나 링크의 속성을 변경할 수 있습니다.</description>
    <description xml:lang="jp">エディターでリンクの追加、属性の変更ができます。</description>
    <description xml:lang="zh-CN">插入链接或编辑链接属性。</description>
    <description xml:lang="en">It can add a link to editor or modify the attribution of link.</description>
    <description xml:lang="es">Puede añadir un enlace al editor o modificar la atribución de enlace.</description>
    <description xml:lang="ru">Это может добавить ссылку в редактор или изменить ее параметры.</description>
    <version>0.1</version>
    <date>2007-02-28</date>

    <author email_address="zero@zeroboard.com" link="http://www.zeroboard.com">
        <name xml:lang="ko">제로</name>
        <name xml:lang="jp">Zero</name>
        <name xml:lang="zh-CN">zero</name>
        <name xml:lang="en">zero</name>
        <name xml:lang="es">zero</name>
        <name xml:lang="ru">zero</name>
    </author>
</component>