<?xml version="1.0" encoding="UTF-8"?>
<skin version="0.2">
    <title xml:lang="ko">최신 이미지 위젯 기본 스킨</title>
    <title xml:lang="jp">最新イメージ表示のデフォルトスキン</title>
    <title xml:lang="zh-CN">最新图片列表默认皮肤</title>
    <title xml:lang="en">Newest Image Widget Default Skin</title>
    <description xml:lang="ko">최신 이미지 위젯의 기본 스킨입니다.</description>
    <description xml:lang="jp">最新イメージを表示するウィジェットのデフォルトスキンです。</description>
    <description xml:lang="zh-CN">最新图片列表控件的默认皮肤.</description>
    <description xml:lang="en">This is default skin of newest image widget.</description>
    <version>0.1</version>
    <date>2007-02-28</date>
    <link>http://www.zeroboard.com</link>

    <author email_address="zero@zeroboard.com" link="http://www.zeroboard.com">
        <name xml:lang="ko">제로</name>
        <name xml:lang="jp">Zero</name>
        <name xml:lang="zh-CN">Zero</name>
        <name xml:lang="en">Zero</name>
    </author>

    <colorset>
        <color name="normal">
            <title xml:lang="ko">기본 컬러</title>
            <title xml:lang="jp">デフォルトカラー</title>
            <title xml:lang="zh-CN">默认颜色</title>
            <title xml:lang="en">Default Color</title>
        </color>
    </colorset>
</skin>