<?xml version="1.1" encoding="UTF-8"?>
<skin version="0.2">
	<title xml:lang="ko">이미지 클라우드</title>
	<title xml:lang="jp">イメージクラウド</title>
	<title xml:lang="zh-CN">相册型最新图片列表皮肤</title>
	<description xml:lang="ko">올블로그 이미지 클라우드</description>
	<description xml:lang="jp">オールブログイメージクラウド</description>
	<description xml:lang="zh-CN">相册型最新图片列表皮肤。</description>
	<version>0.1</version>
	<date>2007-09-28</date>
	<link>http://www.zeroboard.com</link>

	<author email_address="k10206@naver.com" link="http://php.simulz.com">
		<name xml:lang="ko">Simulz</name>
		<name xml:lang="jp">Simulz</name>
		<name xml:lang="zh-CN">Simulz</name>
	</author>

	<colorset>
		<color name="normal">
			<title xml:lang="ko">기본 컬러</title>
			<title xml:lang="jp">デフォルトカラー</title>
			<title xml:lang="zh-CN">默认颜色</title>
			<title xml:lang="en">Default Color</title>
		</color>
	</colorset>
</skin>