<?xml version="1.0" encoding="utf-8"?>
<module>
    <grants />
    <actions>
        <action name="dispInstallIntroduce" type="view" standalone="true" index="true" />
        <action name="dispInstallCheckEnv" type="view" standalone="true" />
        <action name="dispInstallSelectDB" type="view" standalone="true" />
        <action name="dispInstallForm" type="view" standalone="true" />

        <action name="procInstall" type="controller" standalone="true" />
        <action name="procInstallFTP" type="controller" standalone="true" />
        <action name="procInstallCheckFTP" type="controller" standalone="true" />
        <action name="procInstallAdminInstall" type="controller" standalone="true" />
        <action name="procInstallAdminUpdate" type="controller" standalone="true" />
        <action name="procInstallAdminSaveTimeZone" type="controller" standalone="true" />
    </actions>
</module>
