<?xml version="1.0" encoding="UTF-8"?>
<widget version="0.2">
    <title xml:lang="ko">로그인 정보 출력</title>
    <title xml:lang="zh-CN">登陆表单</title>
    <title xml:lang="jp">ログイン情報表示</title>
    <title xml:lang="en">Login Info</title>
    <title xml:lang="es">Muestra la información de la conección</title>
    <title xml:lang="ru">Отображение информации логина</title>
    <description xml:lang="ko">로그인 폼이나 로그인 정보를 출력합니다</description>
    <description xml:lang="zh-CN">显示登陆表单或登陆信息。</description>
    <description xml:lang="jp">ログインフォームまたはログイン情報を表示します。</description>
    <description xml:lang="en">This widget displays login form or login info.</description>
    <description xml:lang="es">Este widget muestra la forma de la conección y la información de la conección.</description>
    <description xml:lang="ru">Этот виджет отобратает форму логина или информацию.</description>
    <version>0.1</version>
    <date>2007-02-28</date>

    <author email_address="zero@zeroboard.com" link="http://www.zeroboard.com">
        <name xml:lang="ko">제로</name>
        <name xml:lang="zh-CN">zero</name>
        <name xml:lang="jp">Zero</name>
        <name xml:lang="en">zero</name>
        <name xml:lang="es">zero</name>
        <name xml:lang="ru">zero</name>
    </author>
    <extra_vars />
</widget>