<query id="getFileList" action="select">
    <tables>
        <table name="files" />
    </tables>
    <columns>
        <column name="*" />
    </columns>
    <conditions>
        <condition operation="in" column="module_srl" var="s_module_srl" />
        <condition operation="equal" column="isvalid" var="isvalid" pipe="and" />
        <condition operation="more" column="download_count" var="s_download_count" pipe="and" />
        <condition operation="equal" column="direct_download" var="direct_download" pipe="and" />
    </conditions>
    <navigation>
        <index var="sort_index" default="download_count" order="desc" />
        <list_count var="list_count" default="20" />
    </navigation>
</query>
