<?xml version="1.0" encoding="utf-8"?>
<component version="0.1">
    <title xml:lang="ko">기본 이미지 갤러리</title>
    <title xml:lang="jp">デフォルトイメージギャラリー</title>
    <title xml:lang="zh-CN">图片相册</title>
    <title xml:lang="en">Basic Image Gallery</title>
    <title xml:lang="ru">Базовая галлерея изображений</title>
    <author email_address="zero@zeroboard.com" link="http://www.zeroboard.com" date="2007. 2. 28">
        <name xml:lang="ko">제로</name>
        <name xml:lang="jp">Zero</name>
        <name xml:lang="zh-CN">zero</name>
        <name xml:lang="en">zero</name>
        <name xml:lang="ru">zero</name>
        <description xml:lang="ko">첨부된 이미지파일을 이용하여 슬라이드/목록형 이미지 갤러리를 만들 수 있습니다.</description>
        <description xml:lang="jp">添付されたイメージファイルを利用して、スライド型・リスト型のイメージギャラリーが作成できます。</description>
        <description xml:lang="zh-CN">利用上传的图片文件实现幻灯片式或目录型相册图片。</description>
        <description xml:lang="en">It can create image gallery of slide/list style by using attached image file.</description>
        <description xml:lang="ru">Это может создать гллерею изображений в стиле слайдов/списка, используя вложенный файл изображения.</description>
    </author>
</component>
