<?xml version="1.0" encoding="utf-8"?>
<component version="0.1">
    <title xml:lang="ko">이미지 추가</title>
    <title xml:lang="jp">イメージ追加</title>
    <title xml:lang="zh-CN">插入图像</title>
    <title xml:lang="en">Add Images</title>
    <title xml:lang="ru">Добавление изображений</title>
    <author email_address="zero@zeroboard.com" link="http://www.zeroboard.com" date="2007. 2. 28">
        <name xml:lang="ko">제로</name>
        <name xml:lang="jp">Zero</name>
        <name xml:lang="zh-CN">zero</name>
        <name xml:lang="en">zero</name>
        <name xml:lang="ru">zero</name>
        <description xml:lang="ko">에디터에 이미지를 추가하거나 속성을 변경할 수 있습니다.</description>
        <description xml:lang="jp">エディターでイメージの追加、属性の変更ができます。</description>
        <description xml:lang="zh-CN">可以插入图像或编辑其相应属性。</description>
        <description xml:lang="en">It can add an image to editor or change the attribution of image.</description>
        <description xml:lang="ru">Это может добавить изображение в редактор или изменить параметры изображения.</description>
    </author>
</component>
