<?xml version="1.0" encoding="utf-8"?>
<widget version="1.0">
    <title xml:lang="ko">포인트 랭킹 출력</title>
    <title xml:lang="jp">ポイントランキング出力</title>
	<title xml:lang="en">Display Point Ranking</title>
	<title xml:lang="zh-CN">会员积分排行榜</title>
	<title xml:lang="ru">Отображение рейтинга поинтов</title>
    <author email_address="k10206@naver.com" link="http://php.simulz.com" date="2007. 8. 29">
        <name xml:lang="ko">Simulz</name>
        <name xml:lang="jp">Simulz</name>
		<name xml:lang="en">Simulz</name>
		<name xml:lang="zh-CN">Simulz</name>
		<name xml:lang="ru">Simulz</name>
        <description xml:lang="ko">회원의 포인트 순위를 출력합니다.</description>
        <description xml:lang="jp">会員のポイント順位を出力します。</description>
		<description xml:lang="en">This widget displays members' point ranking.</description>
		<description xml:lang="zh-CN">显示会员积分排行的控件。</description>
		<description xml:lang="ru">Этот виджет отображает рейтинг поитов пользователей.</description>
    </author>
    <extra_vars>
        <var id="title">
            <name xml:lang="ko">제목</name>
            <name xml:lang="jp">タイトル</name>
			<name xml:lang="en">Title</name>
			<name xml:lang="zh-CN">栏目名</name>
            <type>text</type>
            <description xml:lang="ko">위젯의 제목으로 출력됩니다.</description>
            <description xml:lang="jp">ウィジェットのタイトルとして出力します。</description>
			<description xml:lang="en">It will be displayed as widget's title.</description>
			<description xml:lang="zh-CN">显示为控件的栏目名。</description>
			<description xml:lang="ru">Это будет заголовком виджета.</description>
        </var>
        <var id="list_count">
            <name xml:lang="ko">목록수</name>
            <name xml:lang="jp">リスト数</name>
			<name xml:lang="en">No. of List</name>
			<name xml:lang="zh-CN">目录数</name>
            <type>text</type>
            <description xml:lang="ko">출력될 목록의 수를 정하실 수 있습니다. (기본 5개)</description>
            <description xml:lang="jp">出力されるリストの数を指定することができます（デフォルト5個）。</description>
			<description xml:lang="en">You may set number of list that will be displayed. (default 5)</description>
			<description xml:lang="zh-CN">可以设置要显示的会员数。(默认为5个)</description>
			<description xml:lang="ru">Вы можете выбрать число списка для отображения. (стандарт: 5)</description>
        </var>
        <var id="without_admin">
            <name xml:lang="ko">관리자</name>
            <name xml:lang="jp">管理者</name>
			<name xml:lang="en">Administrator</name>
			<name xml:lang="zh-CN">显示管理员</name>
            <type>select</type>
            <description xml:lang="ko">순위에 관리자를 포함합니다.</description>
            <description xml:lang="jp">順位に管理者を含みます。</description>
			<description xml:lang="en">Administrators will be also ranked.</description>
			<description xml:lang="zh-CN">选择排行榜是否要显示管理员。</description>
			<description xml:lang="ru">Администраторы будут тоже подлежать рейтингу.</description>
            <options>
                <name xml:lang="ko">포함</name>
                <name xml:lang="jp">含む</name>
				<name xml:lang="en">Include</name>
				<name xml:lang="zh-CN">显示</name>
				<name xml:lang="ru">Включить</name>
                <value>false</value>
            </options>
            <options>
                <name xml:lang="ko">미포함</name>
                <name xml:lang="jp">含まない</name>
				<name xml:lang="en">Exclude</name>
				<name xml:lang="zh-CN">不显示</name>
				<name xml:lang="ru">Исключить</name>
                <value>true</value>
            </options>
        </var>
        <var id="with_group">
            <name xml:lang="ko">그룹 포함</name>
            <name xml:lang="jp">グループを含む</name>
			<name xml:lang="en">Include Group</name>
			<name xml:lang="zh-CN">用户组</name>
			<name xml:lang="ru">Включить группу</name>
            <type>text</type>
            <description xml:lang="ko">출력할 회원 그룹명을 입력하세요. 예)준회원,정회원</description>
            <description xml:lang="jp">出力する会員のグループ名を入力してください（例：準会員、正会員）。</description>
			<description xml:lang="en">Please input name of group to include. ex) Associate, Regular Group </description>
			<description xml:lang="zh-CN">请输入要显示的会员组。例)准会员,正会员</description>
			<description xml:lang="ru">Пожалуйста, введите имя группы для включения. например: Общая, Обычная (Associate, Regular Group)</description>
        </var>
        <var id="without_group">
            <name xml:lang="ko">그룹 제외</name>
            <name xml:lang="jp">グループ除外</name>
			<name xml:lang="en">Exclude Group</name>
			<name xml:lang="zh-CN">豁免用户组</name>
			<name xml:lang="ru">Исключить группу</name>
            <type>text</type>
            <description xml:lang="ko">제외할 회원 그룹명을 입력하세요. 예)관리그룹,정회원</description>
            <description xml:lang="jp">除外するグループ名を入力してください（管理グループ、正会員）。</description>
			<description xml:lang="en">Please input name of group to exclude. ex) Managing, Regular Group</description>
			<description xml:lang="zh-CN">请输入豁免用户组名。例)管理组</description>
			<description xml:lang="ru">Пожалуйста, введите имя группы для ислючения. например: Общая, Обычная (Associate, Regular Group)</description>
        </var>
    </extra_vars>
</widget>
