<?xml version="1.0" encoding="UTF-8"?>
<skin version="0.2">
    <title xml:lang="ko">Simulz 스킨 (목록형)</title>
    <title xml:lang="jp">Simulz スキン (リストスタイル)</title>
    <title xml:lang="zh-CN">Simulz样式目录型皮肤</title>
    <title xml:lang="en">Simulz Skin (List Style)</title>
    <title xml:lang="es">Simulz Cuidado de la Piel (Lista Estilo)</title>
    <description xml:lang="ko">Simulz 스킨입니다.</description>
    <description xml:lang="jp">Simulz スキンです。</description>
    <description xml:lang="zh-CN">Simulz样式目录型皮肤。</description>
    <description xml:lang="en">This is Simulz skin.</description>
    <description xml:lang="es">Esto es Simulz piel.</description>
    <version>0.1</version>
    <date>2007-10-26</date>
    <link>http://www.zeroboard.com</link>

    <author email_address="simulz@simulz.com" link="http://www.simulz.com">
        <name xml:lang="ko">Simulz</name>
        <name xml:lang="jp">Simulz</name>
        <name xml:lang="zh-CN">Simulz</name>
        <name xml:lang="en">Simulz</name>
        <name xml:lang="es">Simulz</name>
    </author>

    <colorset>
        <color name="Box_000">
            <title xml:lang="ko">기본</title>
            <title xml:lang="jp">デフォルト</title>
            <title xml:lang="zh-CN">默认</title>
            <title xml:lang="en">Default</title>
            <title xml:lang="es">Default</title>
        </color>
        <color name="Box_001">
            <title xml:lang="ko">회색</title>
            <title xml:lang="jp">灰</title>
            <title xml:lang="zh-CN">灰色</title>
            <title xml:lang="en">Gray</title>
            <title xml:lang="es">Gray</title>
        </color>
        <color name="Box_002">
            <title xml:lang="ko">연두</title>
            <title xml:lang="zh-CN">淡绿</title>
            <title xml:lang="en">Yellowish Green</title>
            <title xml:lang="es">Verde amarillento</title>
        </color>
        <color name="Box_003">
            <title xml:lang="ko">분홍</title>
            <title xml:lang="jp">ピンク</title>
            <title xml:lang="zh-CN">粉红</title>
            <title xml:lang="en">Pink</title>
            <title xml:lang="es">Pink</title>
        </color>
        <color name="Box_004">
            <title xml:lang="ko">보라</title>
            <title xml:lang="jp">紫</title>
            <title xml:lang="zh-CN">淡青</title>
            <title xml:lang="en">Purple</title>
            <title xml:lang="en">Púrpura</title>
        </color>
        <color name="Box_005">
            <title xml:lang="ko">밝은 파랑</title>
            <title xml:lang="jp">水</title>
            <title xml:lang="zh-CN">浅蓝</title>
            <title xml:lang="en">Bright Blue</title>
            <title xml:lang="es">Bright Blue</title>
        </color>
        <color name="Box_006">
            <title xml:lang="ko">청록</title>
            <title xml:lang="jp">青緑</title>
            <title xml:lang="zh-CN">青绿</title>
            <title xml:lang="en">Bluish Green</title>
            <title xml:lang="es">Verde azulado</title>
        </color>
        <color name="Box_007">
            <title xml:lang="ko">초록</title>
            <title xml:lang="jp">緑</title>
            <title xml:lang="zh-CN">草绿</title>
            <title xml:lang="en">Green</title>
            <title xml:lang="es">Verde</title>
        </color>
        <color name="Box_008">
            <title xml:lang="ko">노랑</title>
            <title xml:lang="jp">黄</title>
            <title xml:lang="zh-CN">黄色</title>
            <title xml:lang="en">Yellow</title>
            <title xml:lang="es">Amarillo</title>
        </color>
        <color name="Box_009">
            <title xml:lang="ko">파랑</title>
            <title xml:lang="jp">青</title>
            <title xml:lang="zh-CN">蓝色</title>
            <title xml:lang="en">Blue</title>
            <title xml:lang="es">Azul</title>
        </color>
    </colorset>
</skin>