<query id="getTotalTrackbackList" action="select">
    <tables>
        <table name="trackbacks" />
    </tables>
    <columns>
        <column name="*" />
    </columns>
    <conditions>
        <condition operation="equal" column="module_srl" var="s_module_srl" />
        <group pipe="and">
            <condition operation="like" column="url" var="s_url" />
            <condition operation="like" column="blog_name" var="s_blog_name" pipe="or" />
            <condition operation="like" column="title" var="s_title" pipe="or" />
            <condition operation="like" column="excerpt" var="s_excerpt" pipe="or" />
            <condition operation="like_prefix" column="regdate" var="s_regdate" pipe="or" />
            <condition operation="like_prefix" column="ipaddress" var="s_ipaddress" pipe="or" />
        </group>
    </conditions>
    <navigation>
        <index var="sort_index" default="list_order" order="asc" />
        <list_count var="list_count" default="20" />
        <page_count var="page_count" default="10" />
        <page var="page" default="1" />
    </navigation>
</query>
