<?xml version="1.0" encoding="UTF-8"?>
<skin version="0.2">
    <title xml:lang="ko">기본 스킨</title>
    <title xml:lang="zh-CN">默认皮肤</title>
    <title xml:lang="jp">기본 스킨</title>
    <title xml:lang="en">Default Skin</title>
    <title xml:lang="es">Por defecto piel</title>
    <title xml:lang="ru">기본 스킨</title>
    <description xml:lang="ko">
        디자인 : 서기정 (http://blog.naver.com/addcozy)
        HTML/CSS : 정찬명 (http://naradesign.net)
    </description>
    <description xml:lang="zh-CN">
        设计 : Ki-Jeong Seo (http://blog.naver.com/addcozy)
        HTML/CSS : Chan-Myung Jeong (http://naradesign.net)
    </description>
    <description xml:lang="jp">
        デザイン：ソギジョン (http://blog.naver.com/addcozy)
        HTML/CSS：ジョンチャンミョン (http://naradesign.net)
    </description>
    <description xml:lang="en">
        Design : Ki-Jeong Seo (http://blog.naver.com/addcozy)
        HTML/CSS : Chan-Myung Jeong (http://naradesign.net)
    </description>
    <description xml:lang="es">
         Diseño: Ki-Jeong Seo (http://blog.naver.com/addcozy)
         HTML / CSS: Jeong Chan-Myung (http://naradesign.net)
    </description>
    <description xml:lang="ru">
         Дизайн: Ги Чен Се (http://blog.naver.com/addcozy)
         HTML / CSS: Чен-Чен Мен (http://naradesign.net)
    </description>
    <version>0.1</version>
    <date>2008-05-28</date>
    <link>http://www.zeroboard.com</link>

    <author email_address="zero@zeroboard.com" link="http://www.zeroboard.com">
        <name xml:lang="ko">(주)NHN</name>
        <name xml:lang="jp">（株）NHN</name>
        <name xml:lang="zh-CN">(株)NHN</name>
        <name xml:lang="en">NHN Corp</name>
        <name xml:lang="es">NHN Corp</name>
        <name xml:lang="ru">NHN Корп</name>
    </author>

    <colorset>
        <color name="white" src="screenshot/white.gif">
            <title xml:lang="ko">기본</title>
            <title xml:lang="zh-CN">默认</title>
            <title xml:lang="jp">デフォルト</title>
            <title xml:lang="en">default</title>
            <title xml:lang="es">Por defecto</title>
            <title xml:lang="ru">умолчанию</title>
        </color>
        <color name="cyan" src="screenshot/cyan.gif">
          <title xml:lang="ko">청록색</title>
          <title xml:lang="jp">青緑</title>
          <title xml:lang="zh-CN">青绿色</title>
          <title xml:lang="en">cyan</title>
          <title xml:lang="es">Cian</title>
          <title xml:lang="ru">бирюзовый</title>
        </color>
        <color name="green" src="screenshot/green.gif">
          <title xml:lang="ko">초록색</title>
          <title xml:lang="jp">緑</title>
          <title xml:lang="zh-CN">绿色</title>
          <title xml:lang="en">green</title>
          <title xml:lang="es">Verde</title>
          <title xml:lang="ru">зеленый</title>
        </color>
        <color name="red" src="screenshot/red.gif">
          <title xml:lang="ko">빨간색</title>
          <title xml:lang="jp">赤</title>
          <title xml:lang="zh-CN">红色</title>
          <title xml:lang="en">red</title>
          <title xml:lang="es">Roja</title>
          <title xml:lang="ru">красный</title>
        </color>
        <color name="purple" src="screenshot/purple.gif">
          <title xml:lang="ko">보라색</title>
          <title xml:lang="jp">紫</title>
          <title xml:lang="zh-CN">紫色</title>
          <title xml:lang="en">purple</title>
          <title xml:lang="es">Púrpura</title>
          <title xml:lang="ru">Лиловый</title>
        </color>
        <color name="black" src="screenshot/black.gif">
            <title xml:lang="ko">검은색</title>
            <title xml:lang="jp">黒</title>
            <title xml:lang="en">Black</title>
            <title xml:lang="ru">Черного</title>
            <title xml:lang="es">Negro</title>
            <title xml:lang="zh-CN">黑色</title>
        </color>
    </colorset>
</skin>