<?xml version="2.0" encoding="utf-8"?>
<widget version="2.0">
    <title xml:lang="ko">가가 채팅</title>
    <author email_address="digirave@kmle.com" link="http://www.gagalive.kr" date="2007. 12. 16">
        <name xml:lang="ko">디지레이브</name>
        <description xml:lang="ko">실시간 채팅방을 생성합니다</description>
    </author>
    <extra_vars>
        <var id="chatroom">
            <name xml:lang="ko">채팅방 이름(필수/영문)</name>
            <type>text</type>
            <description xml:lang="ko">채팅방 이름.
			(@, @@, @@@ 로 시작하는 채팅방은 회원 시스템과 연동 가능한 보안 채팅방)
			보안 채팅방은 http://www.gagalive.kr/live/livechatxe 에서 신청하시길 바랍니다.
			회원 시스템과 연동하지 않을 경우 별도의 신청 필요 없이 원하는 채팅방 이름만 입력하면 됩니다.
			</description>
        </var>
        <var id="roomkey">
            <name xml:lang="ko">채팅방 보안 키(선택사항)</name>
            <type>text</type>
            <description xml:lang="ko">보안 채팅방 사용시에만 필요함. 보안 채팅방을 사용하지 않을 경우에는 빈 칸으로 놔두시길 바랍니다.</description>
        </var>
        <var id="gagaadmin">
            <name xml:lang="ko">채팅방 관리자(선택사항)</name>
            <type>text</type>
            <description xml:lang="ko">보안 채팅방 사용시에만 적용됨. 강제 퇴장 기능 가능함. 아이디, 아이디2, 아이디3 처럼 채팅방 관리자들을 , 로 분리하시길 바랍니다.</description>
        </var>
        <var id="gposition">
            <name xml:lang="ko">채팅방 형태</name>
            <type>select</type>
            <description xml:lang="ko">세로형/가로형</description>
            <options>
                <name xml:lang="ko">세로형</name>
                <value>2</value>
            </options>
            <options>
                <name xml:lang="ko">가로형</name>
                <value>1</value>
            </options>
        </var>
        <var id="gheight">
            <name xml:lang="ko">채팅방 높이(선택사항)</name>
            <type>text</type>
            <description xml:lang="ko">채팅방 높이(기본값 450)</description>
        </var>
        <var id="gfonttype">
            <name xml:lang="ko">글씨체(선택사항)</name>
            <type>text</type>
            <description xml:lang="ko">Font-family 예) 굴림체</description>
        </var>
        <var id="gfontcolor">
            <name xml:lang="ko">글씨 색깔(선택사항)</name>
            <type>text</type>
            <description xml:lang="ko"> 채팅방 글씨 색깔 예) white 또는 #FFFFFF</description>
        </var>
        <var id="gbgcolor">
            <name xml:lang="ko">배경 색깔(선택사항)</name>
            <type>text</type>
            <description xml:lang="ko"> 채팅방 배경 색깔 예) black 또는 #000000</description>
        </var>
        <var id="fontlarge">
            <name xml:lang="ko">큰 글씨체</name>
            <type>select</type>
            <description xml:lang="ko">글씨체 크기</description>
            <options>
                <name xml:lang="ko">작은 글씨체</name>
                <value>small</value>
            </options>
            <options>
                <name xml:lang="ko">중간 글씨체</name>
                <value>medium</value>
            </options>
            <options>
                <name xml:lang="ko">큰 글씨체</name>
                <value>large</value>
            </options>
        </var>
    </extra_vars>
</widget>
