<query id="getMemberList" action="select">
    <tables>
        <table name="member" alias="member"/>
        <table name="point" alias="point"/>
    </tables>
    <columns>
        <column name="member.*" />
        <column name="point.point" />
    </columns>
    <conditions>
        <condition operation="equal" column="member.member_srl" var="point.member_srl" />
        <condition operation="equal" column="is_admin" var="is_admin" pipe="and" />
        <condition operation="equal" column="denied" var="is_denied" pipe="and" />
        <group pipe="and">
            <condition operation="like" column="user_id" var="s_user_id" />
            <condition operation="like" column="user_name" var="s_user_name" pipe="or" />
            <condition operation="like" column="nick_name" var="s_nick_name" pipe="or" />
            <condition operation="like" column="email_address" var="s_email_address" pipe="or" />
            <condition operation="like" column="extra_vars" var="s_extra_vars" pipe="or" />
            <condition operation="like_prefix" column="regdate" var="s_regdate" pipe="or" />
            <condition operation="like_prefix" column="last_login" var="s_last_login" pipe="or" />
        </group>
    </conditions>
    <groups>
        <group column="member.member_srl" />
    </groups>
    <navigation>
        <index var="sort_index" default="point" order="desc" />
        <list_count var="list_count" default="20" />
        <page_count var="page_count" default="10" />
        <page var="page" default="1" />
    </navigation>
</query>
