<?xml version="1.0" encoding="UTF-8"?>
<skin version="0.2">
    <title xml:lang="ko">MS Word 2007 테마</title>
    <title xml:lang="jp">MS Word 2007 テーマ</title>
    <title xml:lang="zh-CN">MS Word 2007样式皮肤</title>
    <description xml:lang="ko">MS Word 2007 테마입니다.</description>
    <description xml:lang="jp">MS Word 2007 テーマです。</description>
    <description xml:lang="zh-CN">MS Word 2007样式皮肤。</description>
    <version>0.1</version>
    <date>2007-09-10</date>
    <link>http://www.zeroboard.com</link>

    <author email_address="simulz@simulz.com" link="http://php.simulz.com">
        <name xml:lang="ko">Simulz</name>
        <name xml:lang="jp">Simulz</name>
        <name xml:lang="zh-CN">Simulz</name>
    </author>
</skin>