<?xml version="1.0" encoding="UTF-8"?>
<component version="0.2">
    <title xml:lang="ko">글의 배경색 변경</title>
    <title xml:lang="jp">文字の背景色変更</title>
    <title xml:lang="zh-CN">背景颜色</title>
    <title xml:lang="en">Change the background color of article</title>
    <title xml:lang="es">Cambiar el color de fondo del artículo</title>
    <title xml:lang="ru">Изменение цвета фона статьи</title>
    <description xml:lang="ko">글의 배경색을 변경합니다.</description>
    <description xml:lang="jp">文字の背景色を変更します。</description>
    <description xml:lang="zh-CN">可修改字体背景颜色。</description>
    <description xml:lang="en">It will change the background color of article.</description>
    <description xml:lang="es">Se cambiará el color de fondo del artículo.</description>
    <description xml:lang="ru">Позволяет изменение цвета фона статьи.</description>
    <version>0.1</version>
    <date>2007-02-28</date>

    <author email_address="zero@zeroboard.com" link="http://www.zeroboard.com">
        <name xml:lang="ko">제로</name>
        <name xml:lang="jp">Zero</name>
        <name xml:lang="zh-CN">zero</name>
        <name xml:lang="en">zero</name>
        <name xml:lang="es">zero</name>
        <name xml:lang="ru">zero</name>
    </author>
</component>