<filter name="insert_board" module="board" act="procBoardAdminInsertBoard" confirm_msg_code="confirm_submit">
    <form>
        <node target="mid" required="true" filter="alpha_number" />
        <node target="browser_title" required="true" maxlength="250" />
        <node target="list_count" required="true" filter="number" />
        <node target="search_list_count" required="true" filter="number" />
        <node target="page_count" required="true" filter="number" />
    </form>
    <parameter>
        <param name="board_name" target="mid" />
        <param name="module_srl" target="module_srl" />
        <param name="module_category_srl" target="module_category_srl" />
        <param name="layout_srl" target="layout_srl" />
        <param name="skin" target="skin" />
        <param name="browser_title" target="browser_title" />
        <param name="use_category" target="use_category" />
        <param name="list_count" target="list_count" />
        <param name="search_list_count" target="search_list_count" />
        <param name="except_notice" target="except_notice" />
        <param name="page_count" target="page_count" />
        <param name="is_default" target="is_default" />
        <param name="description" target="description" />
        <param name="header_text" target="header_text" />
        <param name="footer_text" target="footer_text" />
        <param name="admin_id" target="admin_id" />
        <param name="extra_vars_1_name" target="extra_vars_1_name" />
        <param name="extra_vars_1_type" target="extra_vars_1_type" />
        <param name="extra_vars_1_is_required" target="extra_vars_1_is_required" />
        <param name="extra_vars_1_search" target="extra_vars_1_search" />
        <param name="extra_vars_1_default" target="extra_vars_1_default" />
        <param name="extra_vars_1_desc" target="extra_vars_1_desc" />
        <param name="extra_vars_2_name" target="extra_vars_2_name" />
        <param name="extra_vars_2_type" target="extra_vars_2_type" />
        <param name="extra_vars_2_is_required" target="extra_vars_2_is_required" />
        <param name="extra_vars_2_search" target="extra_vars_2_search" />
        <param name="extra_vars_2_default" target="extra_vars_2_default" />
        <param name="extra_vars_2_desc" target="extra_vars_2_desc" />
        <param name="extra_vars_3_name" target="extra_vars_3_name" />
        <param name="extra_vars_3_type" target="extra_vars_3_type" />
        <param name="extra_vars_3_is_required" target="extra_vars_3_is_required" />
        <param name="extra_vars_3_search" target="extra_vars_3_search" />
        <param name="extra_vars_3_default" target="extra_vars_3_default" />
        <param name="extra_vars_3_desc" target="extra_vars_3_desc" />
        <param name="extra_vars_4_name" target="extra_vars_4_name" />
        <param name="extra_vars_4_type" target="extra_vars_4_type" />
        <param name="extra_vars_4_is_required" target="extra_vars_4_is_required" />
        <param name="extra_vars_4_search" target="extra_vars_4_search" />
        <param name="extra_vars_4_default" target="extra_vars_4_default" />
        <param name="extra_vars_4_desc" target="extra_vars_4_desc" />
        <param name="extra_vars_5_name" target="extra_vars_5_name" />
        <param name="extra_vars_5_type" target="extra_vars_5_type" />
        <param name="extra_vars_5_is_required" target="extra_vars_5_is_required" />
        <param name="extra_vars_5_search" target="extra_vars_5_search" />
        <param name="extra_vars_5_default" target="extra_vars_5_default" />
        <param name="extra_vars_5_desc" target="extra_vars_5_desc" />
        <param name="extra_vars_6_name" target="extra_vars_6_name" />
        <param name="extra_vars_6_type" target="extra_vars_6_type" />
        <param name="extra_vars_6_is_required" target="extra_vars_6_is_required" />
        <param name="extra_vars_6_search" target="extra_vars_6_search" />
        <param name="extra_vars_6_default" target="extra_vars_6_default" />
        <param name="extra_vars_6_desc" target="extra_vars_6_desc" />
        <param name="extra_vars_7_name" target="extra_vars_7_name" />
        <param name="extra_vars_7_type" target="extra_vars_7_type" />
        <param name="extra_vars_7_is_required" target="extra_vars_7_is_required" />
        <param name="extra_vars_7_search" target="extra_vars_7_search" />
        <param name="extra_vars_7_default" target="extra_vars_7_default" />
        <param name="extra_vars_7_desc" target="extra_vars_7_desc" />
        <param name="extra_vars_8_name" target="extra_vars_8_name" />
        <param name="extra_vars_8_type" target="extra_vars_8_type" />
        <param name="extra_vars_8_is_required" target="extra_vars_8_is_required" />
        <param name="extra_vars_8_search" target="extra_vars_8_search" />
        <param name="extra_vars_8_default" target="extra_vars_8_default" />
        <param name="extra_vars_8_desc" target="extra_vars_8_desc" />
        <param name="extra_vars_9_name" target="extra_vars_9_name" />
        <param name="extra_vars_9_type" target="extra_vars_9_type" />
        <param name="extra_vars_9_is_required" target="extra_vars_9_is_required" />
        <param name="extra_vars_9_search" target="extra_vars_9_search" />
        <param name="extra_vars_9_default" target="extra_vars_9_default" />
        <param name="extra_vars_9_desc" target="extra_vars_9_desc" />
        <param name="extra_vars_10_name" target="extra_vars_10_name" />
        <param name="extra_vars_10_type" target="extra_vars_10_type" />
        <param name="extra_vars_10_is_required" target="extra_vars_10_is_required" />
        <param name="extra_vars_10_search" target="extra_vars_10_search" />
        <param name="extra_vars_10_default" target="extra_vars_10_default" />
        <param name="extra_vars_10_desc" target="extra_vars_10_desc" />
        <param name="extra_vars_11_name" target="extra_vars_11_name" />
        <param name="extra_vars_11_type" target="extra_vars_11_type" />
        <param name="extra_vars_11_is_required" target="extra_vars_11_is_required" />
        <param name="extra_vars_11_search" target="extra_vars_11_search" />
        <param name="extra_vars_11_default" target="extra_vars_11_default" />
        <param name="extra_vars_11_desc" target="extra_vars_11_desc" />
        <param name="extra_vars_12_name" target="extra_vars_12_name" />
        <param name="extra_vars_12_type" target="extra_vars_12_type" />
        <param name="extra_vars_12_is_required" target="extra_vars_12_is_required" />
        <param name="extra_vars_12_search" target="extra_vars_12_search" />
        <param name="extra_vars_12_default" target="extra_vars_12_default" />
        <param name="extra_vars_12_desc" target="extra_vars_12_desc" />
        <param name="extra_vars_13_name" target="extra_vars_13_name" />
        <param name="extra_vars_13_type" target="extra_vars_13_type" />
        <param name="extra_vars_13_is_required" target="extra_vars_13_is_required" />
        <param name="extra_vars_13_search" target="extra_vars_13_search" />
        <param name="extra_vars_13_default" target="extra_vars_13_default" />
        <param name="extra_vars_13_desc" target="extra_vars_13_desc" />
        <param name="extra_vars_14_name" target="extra_vars_14_name" />
        <param name="extra_vars_14_type" target="extra_vars_14_type" />
        <param name="extra_vars_14_is_required" target="extra_vars_14_is_required" />
        <param name="extra_vars_14_search" target="extra_vars_14_search" />
        <param name="extra_vars_14_default" target="extra_vars_14_default" />
        <param name="extra_vars_14_desc" target="extra_vars_14_desc" />
        <param name="extra_vars_15_name" target="extra_vars_15_name" />
        <param name="extra_vars_15_type" target="extra_vars_15_type" />
        <param name="extra_vars_15_is_required" target="extra_vars_15_is_required" />
        <param name="extra_vars_15_search" target="extra_vars_15_search" />
        <param name="extra_vars_15_default" target="extra_vars_15_default" />
        <param name="extra_vars_15_desc" target="extra_vars_15_desc" />
        <param name="extra_vars_16_name" target="extra_vars_16_name" />
        <param name="extra_vars_16_type" target="extra_vars_16_type" />
        <param name="extra_vars_16_is_required" target="extra_vars_16_is_required" />
        <param name="extra_vars_16_search" target="extra_vars_16_search" />
        <param name="extra_vars_16_default" target="extra_vars_16_default" />
        <param name="extra_vars_16_desc" target="extra_vars_16_desc" />
        <param name="extra_vars_17_name" target="extra_vars_17_name" />
        <param name="extra_vars_17_type" target="extra_vars_17_type" />
        <param name="extra_vars_17_is_required" target="extra_vars_17_is_required" />
        <param name="extra_vars_17_search" target="extra_vars_17_search" />
        <param name="extra_vars_17_default" target="extra_vars_17_default" />
        <param name="extra_vars_17_desc" target="extra_vars_17_desc" />
        <param name="extra_vars_18_name" target="extra_vars_18_name" />
        <param name="extra_vars_18_type" target="extra_vars_18_type" />
        <param name="extra_vars_18_is_required" target="extra_vars_18_is_required" />
        <param name="extra_vars_18_search" target="extra_vars_18_search" />
        <param name="extra_vars_18_default" target="extra_vars_18_default" />
        <param name="extra_vars_18_desc" target="extra_vars_18_desc" />
        <param name="extra_vars_19_name" target="extra_vars_19_name" />
        <param name="extra_vars_19_type" target="extra_vars_19_type" />
        <param name="extra_vars_19_is_required" target="extra_vars_19_is_required" />
        <param name="extra_vars_19_search" target="extra_vars_19_search" />
        <param name="extra_vars_19_default" target="extra_vars_19_default" />
        <param name="extra_vars_19_desc" target="extra_vars_19_desc" />
        <param name="extra_vars_20_name" target="extra_vars_20_name" />
        <param name="extra_vars_20_type" target="extra_vars_20_type" />
        <param name="extra_vars_20_is_required" target="extra_vars_20_is_required" />
        <param name="extra_vars_20_search" target="extra_vars_20_search" />
        <param name="extra_vars_20_default" target="extra_vars_20_default" />
        <param name="extra_vars_20_desc" target="extra_vars_20_desc" />
    </parameter>
    <response callback_func="completeInsertBoard">
        <tag name="error" />
        <tag name="message" />
        <tag name="module" />
        <tag name="act" />
        <tag name="page" />
        <tag name="module_srl" />
    </response>
</filter>
