<?xml version="1.0" encoding="utf-8"?>
<module version="0.1">
    <title xml:lang="ko">외부 페이지</title>
    <title xml:lang="zh-CN">外部页面</title>
    <title xml:lang="jp">外でページ</title>
    <title xml:lang="en">Outside Page</title>
	<title xml:lang="es">Afuera Página</title>
    <author email_address="zero@zeroboard.com" link="http://www.zeroboard.com" date="2007. 9. 17">
        <name xml:lang="ko">제로</name>
        <name xml:lang="zh-CN">zero</name>
        <name xml:lang="jp">Zero</name>
        <name xml:lang="en">zero</name>
		<name xml:lang="es">zero</name>
        <description xml:lang="ko">외부페이지를 제로보드XE내부로 삽입시키는 모듈</description>
        <description xml:lang="zh-CN">可以把外部页面插入到 Zeroboard XE内部的模块。</description>
        <description xml:lang="jp">외부페이지를 제로보드XE내부로 삽입시키는 모듈</description>
        <description xml:lang="en">외부페이지를 제로보드XE내부로 삽입시키는 모듈</description>
        <description xml:lang="es">외부페이지를 제로보드XE내부로 삽입시키는 모듈</description>
    </author>
</module>
