<?xml version="1.0" encoding="utf-8"?>
<addon version="0.1">
    <title xml:lang="ko">Google Analytics</title>
    <title xml:lang="zh-CN">Google Analytics</title>
    <author email_address="zero@zeroboard.com" link="http://www.zeroboard.com" date="2007. 9. 19">
        <name xml:lang="ko">제로</name>
        <name xml:lang="zh-CN">Zero</name>
        <description xml:lang="ko">
            Google Analytics 코드를 사이트에 추가할 수 있습니다.
        </description>
        <description xml:lang="zh-CN">
            可以添加Google Analytics代码。
        </description>
    </author>
    <extra_vars>
        <var name="uacct">
            <title xml:lang="ko">uacct</title>
            <title xml:lang="zh-CN">uacct</title>
            <description xml:lang="ko">Google Analytics 코드의 _uacct 값을 입력해주세요.</description>
            <description xml:lang="ko">请输入Google Analytics代码的_uacct值。</description>
        </var>
    </extra_vars>
</addon>
