<?xml version="1.0" encoding="UTF-8"?>
<skin version="0.2">
	<title xml:lang="ko">꼬리표 목록 출력</title>
	<title xml:lang="jp">タグリスト表示</title>
	<title xml:lang="zh-CN">标签目录皮肤</title>
	<title xml:lang="en">Display Tag List</title>
	<description xml:lang="ko">꼬리표 목록을 출력합니다.</description>
	<description xml:lang="jp">タグリストを表示します。</description>
	<description xml:lang="zh-CN">显示标签目录。</description>
	<description xml:lang="en">It displays tag list.</description>
	<version>0.1</version>
	<date>2007-02-28</date>
	<link>http://www.zeroboard.com</link>

	<author email_address="zero@zeroboard.com" link="http://www.zeroboard.com">
		<name xml:lang="ko">제로</name>
		<name xml:lang="jp">Zero</name>
		<name xml:lang="zh-CN">zero</name>
		<name xml:lang="en">zero</name>
	</author>

	<colorset>
		<color name="layout">
			<title xml:lang="ko">레이아웃에 맞춤</title>
			<title xml:lang="jp">レイアウトに合わせる</title>
			<title xml:lang="zh-CN">随布局</title>
			<title xml:lang="en">레이아웃에 맞춤</title>
		</color>
		<color name="normal">
			<title xml:lang="ko">기본 컬러</title>
			<title xml:lang="jp">デフォルトカラー</title>
			<title xml:lang="zh-CN">默认颜色</title>
			<title xml:lang="en">Default color</title>
		</color>
		<color name="cyan">
			<title xml:lang="ko">청록색</title>
			<title xml:lang="jp">青緑</title>
			<title xml:lang="zh-CN">青绿色</title>
			<title xml:lang="en">cyan</title>
		</color>
		<color name="green">
			<title xml:lang="ko">초록색</title>
			<title xml:lang="jp">緑</title>
			<title xml:lang="zh-CN">绿色</title>
			<title xml:lang="en">green</title>
		</color>
		<color name="red">
			<title xml:lang="ko">빨간색</title>
			<title xml:lang="jp">赤</title>
			<title xml:lang="zh-CN">红色</title>
			<title xml:lang="en">red</title>
		</color>
		<color name="purple">
			<title xml:lang="ko">보라색</title>
			<title xml:lang="jp">紫</title>
			<title xml:lang="zh-CN">紫色</title>
			<title xml:lang="en">purple</title>
		</color>
	</colorset>
</skin>