<query id="getRankReadedCountWithinGroup" action="select">
    <tables>
        <table name="documents" alias="documents" />
        <table name="member" alias="member" />
        <table name="member_group_member" alias="member_group"/>
    </tables>
    <columns>
        <column name="member.*" />
        <column name="sum(readed_count)" alias="count" />
    </columns>
    <conditions>
        <condition operation="in" column="member_group.group_srl" var="selected_group_srl" />
        <condition operation="notequal" column="member_group.group_srl" var="selected_group_without_srl" pipe="and" />
        <condition operation="equal" column="member.member_srl" var="member_group.member_srl" pipe="and" notnull="notnull" />
        <condition operation="excess" column="documents.member_srl" default="0" pipe="and" />
        <condition operation="excess" column="documents.readed_count" default="0" pipe="and" />
        <condition operation="equal" column="documents.member_srl" var="member.member_srl" pipe="and" />
        <condition operation="equal" column="member.is_admin" var="is_admin" pipe="and" />
        <group pipe="and">
            <condition operation="more" column="documents.regdate" var="regdate" pipe="or" />
        </group>
    </conditions>
    <groups>
        <group column="documents.member_srl" />
    </groups>
    <navigation>
        <index var="sort_index" default="count" order="desc" />
        <list_count var="list_count" default="20" />
    </navigation>
</query>
