<?xml version="1.0" encoding="UTF-8"?>
<module version="0.2">
    <title xml:lang="ko">첨부파일</title>
    <title xml:lang="zh-CN">上传附件</title>
    <title xml:lang="en">Attachment</title>
    <title xml:lang="es">Adjuntar archivos</title>
    <title xml:lang="jp">添付ファイル</title>
    <title xml:lang="ru">Вложения</title>
    <description xml:lang="ko">첨부 파일 관리하는 모듈입니다.</description>
    <description xml:lang="zh-CN">管理附件的模块。</description>
    <description xml:lang="en">Module for managing attachments.</description>
    <description xml:lang="es">Módulo para manejar los archivos adjuntos.</description>
    <description xml:lang="jp">添付ファイルを管理するモジュールです。</description>
    <description xml:lang="ru">Модуль для управления вложениями.</description>
    <version>0.1</version>
    <date>2007-02-28</date>
    <category>utility</category>
    <link>http://www.zeroboard.com</link>

    <author email_address="zero@zeroboard.com" link="http://www.zeroboard.com">
        <name xml:lang="ko">제로</name>
        <name xml:lang="zh-CN">zero</name>
        <name xml:lang="en">Zero</name>
        <name xml:lang="es">zero</name>
        <name xml:lang="jp">Zero</name>
        <name xml:lang="ru">zero</name>
    </author>
</module>