<?xml version="1.0" encoding="utf-8"?>
<widget version="0.1">
    <title xml:lang="ko">최근 이미지 출력</title>
    <title xml:lang="jp">最新イメージ表示</title>
    <title xml:lang="zh-CN">图片列表</title>
    <title xml:lang="en">Display Newest Images</title>
	<title xml:lang="es">Mostrar las imágenes recientes</title>
    <title xml:lang="ru">Отображение последних изображений</title>
    <author email_address="zero@zeroboard.com" link="http://www.zeroboard.com" date="2007. 7. 25">
        <name xml:lang="ko">제로</name>
        <name xml:lang="jp">Zero</name>
        <name xml:lang="zh-CN">Zero</name>
        <name xml:lang="en">zero</name>
		<name xml:lang="es">zero</name>
        <name xml:lang="ru">zero</name>
        <description xml:lang="ko">작성된 글의 내용에 포함된 이미지를 출력하는 위젯입니다.</description>
        <description xml:lang="jp">作成されたコンテンツの内容に含まれているイメージを表示するウィジェットです。</description>
        <description xml:lang="zh-CN">显示主题当中包含图片的控件。</description>
        <description xml:lang="en">This widget displays images on articles.</description>
		<description xml:lang="es">Este widget muestra las imágenes incluidas en el documento.</description>
        <description xml:lang="ru">Этот виджет отображает изображения в статьях.</description>
    </author>
    <extra_vars>
        <var id="title">
            <name xml:lang="ko">제목</name>
            <name xml:lang="zh-CN">栏目名</name>
            <name xml:lang="jp">タイトル</name>
            <name xml:lang="en">Title</name>
			<name xml:lang="es">Título</name>
            <name xml:lang="ru">Заголовок</name>
            <type>text</type>
            <description xml:lang="ko">최근 게시물의 제목으로 출력됩니다.</description>
            <description xml:lang="zh-CN">显示为最新主题列表的标题。</description>
            <description xml:lang="jp">最新の書き込みのタイトルとして表示されます。</description>
            <description xml:lang="en">It will be the title of the newest articles.</description>
			<description xml:lang="es">Este será el título de los documentos recientes.</description>
            <description xml:lang="ru">Это будет заголовком последних статей.</description>
        </var>
        <var id="mid_list">
            <name xml:lang="ko">대상 모듈</name>
            <name xml:lang="jp">モジュール</name>
            <name xml:lang="zh-CN">对象模块</name>
            <name xml:lang="en">Target Module</name>
			<name xml:lang="es">Objetivo Módulo</name>
            <name xml:lang="ru">Модуль назначения</name>
            <type>mid_list</type>
            <description xml:lang="ko">선택하신 모듈에 등록된 글을 대상으로 합니다.</description>
            <description xml:lang="jp">チェックされたコンテンツを対象とします。</description>
            <description xml:lang="zh-CN">把被选模块中的主题作为对象。</description>
            <description xml:lang="en">Articles on chosen module will be the target.</description>
			<description xml:lang="es">Objetivo de los documentos será los del módulo seleccionado.</description>
            <description xml:lang="ru">Статьи на выбранных модулях будут назначением.</description>
        </var>
        <var id="title_length">
            <name xml:lang="ko">글 제목 길이</name>
            <name xml:lang="jp">タイトルの文字数</name>
            <name xml:lang="zh-CN">标题长度</name>
            <name xml:lang="en">Length of Subject</name>
			<name xml:lang="es">El largo de Título</name>
            <name xml:lang="ru">Длина темы</name>
            <type>text</type>
            <description xml:lang="ko">정한 글자수만큼 글 제목을 잘라서 출력합니다. (기본 10자)</description>
            <description xml:lang="jp">指定された文字数分の長さを切り取って表示します。（デフォルト10文字）</description>
            <description xml:lang="zh-CN">可以指定标题长度。(默认为10字)</description>
            <description xml:lang="en">It cuts the length of subject and displays (10 letters as default).</description>
			<description xml:lang="es">Muestra el título con el número de letras asignadas (predefinio: 10).</description>
            <description xml:lang="ru">Это обрезает длину темы и отображает выбранное чило знаков(стандарт: 10).</description>
        </var>
        <var id="thumbnail_type">
            <name xml:lang="ko">썸네일 생성 방법</name>
            <name xml:lang="jp">サムネール生成方法</name>
            <name xml:lang="zh-CN">缩略图生成方式</name>
            <name xml:lang="en">Thumbnail Type</name>
            <name xml:lang="ru">Тип миниатюры</name>
            <description xml:lang="ko">썸네일 생성 방법을 선택할 수 있습니다. (crop : 꽉 채우기, ratio : 비율 맞추기)</description>
            <description xml:lang="jp">サムネールの生成方法を選択します(Crop : トリミング, Ratio : 比率)。</description>
			<description xml:lang="zh-CN">可以选择缩略图生成方式。 (crop : 裁减, ratio : 比例)</description>
            <description xml:lang="en">Thumbnail Type may be set here.</description>
            <description xml:lang="ru">Тип миниатюры может быть установлен здесь.</description>
            <type>select</type>
            <options>
                <name xml:lang="ko">Crop (채우기)</name>
                <name xml:lang="jp">Crop (トリミング)</name>
                <name xml:lang="zh-CN">Crop (裁减)</name>
                <name xml:lang="en">Crop</name>
                <name xml:lang="ru">Crop (Обрезание)</name>
                <value>crop</value>
            </options>
            <options>
                <name xml:lang="ko">Ratio (비율 맞추기)</name>
                <name xml:lang="jp">Ratio (比率)</name>
                <name xml:lang="zh-CN">Ratio (比例)</name>
                <name xml:lang="en">Ratio</name>
                <name xml:lang="ru">Ratio (Отношение)</name>
                <value>ratio</value>
            </options>
        </var>
        <var id="thumbnail_width">
            <name xml:lang="ko">이미지 가로크기</name>
            <name xml:lang="jp">イメージ横幅</name>
            <name xml:lang="zh-CN">宽度</name>
            <name xml:lang="en">Width of Image</name>
			<name xml:lang="es">Ancho de la imagen</name>
            <name xml:lang="ru">Ширина изображения</name>
            <type>text</type>
            <description xml:lang="ko">출력될 이미지의 가로크기를 정하실 수 있습니다. (기본 100)</description>
            <description xml:lang="jp">表示されるイメージの横幅のサイズを指定することができます（デフォルト100）。</description>
            <description xml:lang="zh-CN">可以指定要显示的图片宽度。(默认为100)</description>
            <description xml:lang="en">You can set the width of image. (100 as default)</description>
			<description xml:lang="es">Usted puede definir el ancho de la imagen. (predefinido:100px)</description>
            <description xml:lang="ru">Вы можете установить ширину изображения. (стандарт: 100px)</description>
        </var>
        <var id="thumbnail_height">
            <name xml:lang="ko">이미지 세로크기</name>
            <name xml:lang="jp">イメージ縦幅</name>
            <name xml:lang="zh-CN">高度</name>
            <name xml:lang="en">Height of Image</name>
            <name xml:lang="ru">Высота изображения</name>
            <description xml:lang="ko">이미지의 세로 크기를 지정할 수 있습니다. (기본 100px)</description>
            <description xml:lang="jp">イメージの縦幅サイズを指定します（デフォルト 100px）</description>
            <description xml:lang="zh-CN">可以指定图片高度。(默认为100px)</description>
            <description xml:lang="en">You can set the height of image. (100 as default)</description>
            <description xml:lang="ru">Вы можете установить вытсоту изображения. (стандарт: 100px)</description>
            <type>text</type>
        </var>
        <var id="cols_list_count">
            <name xml:lang="ko">가로 이미지 수</name>
            <name xml:lang="jp">イメージ数</name>
            <name xml:lang="zh-CN">横向图片数</name>
            <name xml:lang="en">Number of Images</name>
			<name xml:lang="es">Número de imágenes</name>
            <name xml:lang="ru">Число изображений (колонка)</name>
            <type>text</type>
            <description xml:lang="ko">출력될 가로 이미지의 수를 정하실 수 있습니다. (기본 5개)</description>
            <description xml:lang="jp">表示されるイメージの横並びの数を指定します（デフォルト5個）。</description>
            <description xml:lang="zh-CN">可以指定要显示的横向图片个数。(默认为5个)</description>
            <description xml:lang="en">You can set the number of images to display. (5 as default)</description>
			<description xml:lang="es">Usted puede definir el múmero de imágenes a mostrar. (predefinido: 5)</description>
            <description xml:lang="ru">Вы можете установить число изображений для показа. (стандарт: 5)</description>
        </var>
        <var id="rows_list_count">
            <name xml:lang="ko">세로 이미지 수</name>
            <name xml:lang="jp">イメージ数</name>
            <name xml:lang="zh-CN">纵向图片数</name>
            <name xml:lang="en">Number of Images</name>
			<name xml:lang="es">Número de imágenes</name>
            <name xml:lang="ru">Число изображений (ряд)</name>
            <type>text</type>
            <description xml:lang="ko">출력될 세로 이미지의 수를 정하실 수 있습니다. (기본 1개)</description>
            <description xml:lang="jp">表示されるイメージの縦並びの数を指定することができます（デフォルト5個）。</description>
            <description xml:lang="zh-CN">可以指定要显示的纵向图片个数。(默认为1个)</description>
            <description xml:lang="en">You can set the number of images to display. (5 as default)</description>
			<description xml:lang="es">Usted puede definir el número de imágenes a mostrar. (predefinido: 5 )</description>
            <description xml:lang="ru">Вы можете установить число изображений для показа. (стандарт: 5)</description>
        </var>
        <var id="display_author">
            <name xml:lang="ko">글쓴이 표시</name>
            <name xml:lang="jp">投稿者表示</name>
            <name xml:lang="zh-CN">显示昵称</name>
            <name xml:lang="en">Display Author</name>
			<name xml:lang="es">Mostrar el Autor</name>
            <name xml:lang="ru">Отображение автора</name>
            <type>select</type>
            <description />
            <options>
                <name xml:lang="ko">표시</name>
                <name xml:lang="jp">表示</name>
                <name xml:lang="zh-CN">显示</name>
				<name xml:lang="en">Show</name>
				<name xml:lang="es">Mostrar</name>
				<name xml:lang="ru">Показывать</name>
                <value>Y</value>
            </options>
            <options>
                <name xml:lang="ko">표시하지 않음</name>
                <name xml:lang="jp">非表示</name>
                <name xml:lang="zh-CN">不显示</name>
				<name xml:lang="en">Hide</name>
				<name xml:lang="es">Ocultar</name>
				<name xml:lang="ru">Скрывать</name>
                <value>N</value>
            </options>
        </var>
        <var id="display_regdate">
            <name xml:lang="ko">작성일 표시</name>
            <name xml:lang="jp">作成日表示</name>
            <name xml:lang="zh-CN">显示发表日期</name>
            <name xml:lang="en">Display Registered Date</name>
			<name xml:lang="es">Mostrar el día agregado</name>
            <name xml:lang="ru">Отображение даты регистрации</name>
            <type>select</type>
            <description />
            <options>
                <name xml:lang="ko">표시</name>
                <name xml:lang="jp">表示</name>
                <name xml:lang="zh-CN">显示</name>
				<name xml:lang="en">Show</name>
				<name xml:lang="es">Mostrar</name>
				<name xml:lang="ru">Показывать</name>
                <value>Y</value>
            </options>
            <options>
                <name xml:lang="ko">표시하지 않음</name>
                <name xml:lang="jp">非表示</name>
                <name xml:lang="zh-CN">不显示</name>
				<name xml:lang="en">Hide</name>
				<name xml:lang="es">Ocultar</name>
				<name xml:lang="ru">Скрывать</name>
                <value>N</value>
            </options>
        </var>
        <var id="display_readed_count">
            <name xml:lang="ko">조회수 표시</name>
            <name xml:lang="jp">照合数表示</name>
            <name xml:lang="zh-CN">显示查看数</name>
            <name xml:lang="en">Display Hit</name>
			<name xml:lang="es">Mostrar Ayuda</name>
            <name xml:lang="ru">Отображение хитов</name>
            <description />
            <type>select</type>
            <options>
                <name xml:lang="ko">표시</name>
                <name xml:lang="jp">表示</name>
                <name xml:lang="zh-CN">显示</name>
				<name xml:lang="en">Show</name>
				<name xml:lang="es">Mostrar</name>
				<name xml:lang="ru">Показывать</name>
                <value>Y</value>
            </options>
            <options>
                <name xml:lang="ko">표시하지 않음</name>
                <name xml:lang="jp">非表示</name>
                <name xml:lang="zh-CN">不显示</name>
				<name xml:lang="en">Hide</name>
				<name xml:lang="es">Ocultar</name>
				<name xml:lang="ru">Скрывать</name>
                <value>N</value>
            </options>
        </var>
        <var id="display_voted_count">
            <name xml:lang="ko">추천수 표시</name>
            <name xml:lang="jp">推薦数表示</name>
            <name xml:lang="zh-CN">显示推荐数</name>
            <name xml:lang="en">Display Votes</name>
			<name xml:lang="es">Mostrar Recomendados</name>
            <name xml:lang="ru">Отображение голосов</name>
            <description />
            <type>select</type>
            <options>
                <name xml:lang="ko">표시</name>
                <name xml:lang="jp">表示</name>
                <name xml:lang="zh-CN">显示</name>
				<name xml:lang="en">Show</name>
				<name xml:lang="es">Mostrar</name>
				<name xml:lang="ru">Показывать</name>
                <value>Y</value>
            </options>
            <options>
                <name xml:lang="ko">표시하지 않음</name>
                <name xml:lang="jp">非表示</name>
                <name xml:lang="zh-CN">不显示</name>
                <name xml:lang="en">Hide</name>
                <name xml:lang="es">Ocultar</name>
				<name xml:lang="ru">Скрывать</name>
                <value>N</value>
            </options>
        </var>
    </extra_vars>
</widget>
