<query id="getLifepodList" action="select">
    <tables>
        <table name="modules" />
    </tables>
    <columns>
        <column name="*" />
    </columns>
    <conditions>
        <condition operation="equal" column="module" default="lifepod" />
        <condition operation="equal" column="module_category_srl" var="s_module_category_srl" pipe="or" />
    </conditions>
    <navigation>
        <index var="sort_index" default="module_srl" order="desc" />
        <list_count var="list_count" default="20" />
        <page_count var="page_count" default="10" />
        <page var="page" default="1" />
    </navigation>
</query>
