<?xml version="1.0" encoding="utf-8"?>
<module>
    <actions>
        <action name="dispWidgetInfo" type="view" standalone="true" />
        <action name="dispWidgetGenerateCode" type="view" standalone="true" />
        <action name="dispWidgetGenerateCodeInPage" type="view" standalone="true" />

        <action name="dispWidgetAdminDownloadedList" type="view" standalone="true" admin_index="true" />

        <action name="procWidgetGenerateCode" type="controller" standalone="true" />
        <action name="procWidgetGetColorsetList" type="controller" standalone="true" />
    </actions>
</module>
