<?xml version="1.0" encoding="utf-8"?>
<module version="0.1">
    <title xml:lang="ko">관리자 모듈</title>
    <title xml:lang="en">Administrator Module</title>
    <title xml:lang="es">Módulo del administrador</title>
    <title xml:lang="zh-CN">管理员模块</title>
    <title xml:lang="jp">管理者用モジュール</title>
    <author email_address="zero@zeroboard.com" link="http://www.zeroboard.com" date="2007. 2. 28">
        <name xml:lang="ko">제로</name>
        <name xml:lang="en">zero</name>
        <name xml:lang="es">zero</name>
        <name xml:lang="zh-CN">zero</name>
        <name xml:lang="jp">Zero</name>
        <description xml:lang="ko">각 모듈들의 기능을 나열하고 관리자용 레이아웃을 적용하여 관리 기능을 사용할 수 있도록 하는 모듈입니다.</description>
        <description xml:lang="en">This module shows a list of features of each module, and enables you to use a quite few of managers by applying layout for administrator.</description>
        <description xml:lang="es">Este módulo muestra una lista de características de cada módulo, en donde puede activar la función de la administracion aplicando el diseño del administrador.</description>
        <description xml:lang="zh-CN">列出各模块的功能并使用管理员布局，可以让其使用管理功能的模块。</description>
        <description xml:lang="jp">各モジュールの機能を羅列し、管理者用のレイアウトを適用させ、管理機能が使用できるようにするモジュールです。</description>
    </author>
</module>
