<?xml version="1.0" encoding="UTF-8"?>
<module version="0.2">
    <title xml:lang="ko">위젯</title>
    <title xml:lang="zh-CN">控件</title>
    <title xml:lang="jp">ウィジェット</title>
    <title xml:lang="en">Widget</title>
    <title xml:lang="es">Widget</title>
    <title xml:lang="ru">Виджеты</title>
    <description xml:lang="ko">위젯 관리 모듈</description>
    <description xml:lang="zh-CN">控件管理模块。</description>
    <description xml:lang="jp">ウィジェット管理モジュール</description>
    <description xml:lang="en">Module for managing widgets.</description>
    <description xml:lang="es">Módulo para el manejo de widgets.</description>
    <description xml:lang="ru">Модуль для управления виджетами.</description>
    <version>0.1</version>
    <date>2007-02-28</date>
    <category>manager</category>

    <author email_address="zero@zeroboard.com" link="http://www.zeroboard.com">
        <name xml:lang="ko">제로</name>
        <name xml:lang="zh-CN">zero</name>
        <name xml:lang="jp">Zero</name>
        <name xml:lang="en">Zero</name>
        <name xml:lang="es">Zero</name>
        <name xml:lang="ru">zero</name>
    </author>
</module>