<?xml version="1.0" encoding="utf-8"?>
<skin>
  <title xml:lang="ko">공지사항 형태의 출력</title>
  <title xml:lang="jp">공지사항 형태의 출력</title>
  <title xml:lang="zh-CN">输出公告类型的最新主题控件</title>
  <title xml:lang="en">Output Result of Notice type</title>
  <maker email_address="zero@zeroboard.com" link="http://www.zeroboard.com" date="2007. 11. 22">
    <name xml:lang="ko">제로</name>
    <name xml:lang="jp">Zero</name>
    <name xml:lang="zh-CN">Zero</name>
    <name xml:lang="en">Zero</name>
    <description xml:lang="ko">글 목록과 이미지가 같이 출력되는 웹진형 스킨입니다. 이미지가 있는 글들만 노출이 됩니다.</description>
    <description xml:lang="jp">コンテンツリストとイメージが一緒に出力されるウェブジンスタイルスキンです。イメージを含むコンテンツのみ表示されます。</description>
    <description xml:lang="zh-CN">可以同时显示最新主题列表及缩略图的网络杂志型默认皮肤。只显示有图片的最新主题。</description>
    <description xml:lang="en">This is a webzine style skin that displays article list and images. Articles with images will be exposed only.</description>
  </maker>
  <colorset>
    <color name="normal">
      <title xml:lang="ko">기본 컬러</title>
      <title xml:lang="jp">デフォルトカラー</title>
      <title xml:lang="zh-CN">默认颜色</title>
      <title xml:lang="en">Default Color</title>
    </color>
  </colorset>
</skin>
