<?xml version="1.0" encoding="UTF-8"?>
<skin version="0.2">
	<title xml:lang="ko">회원 포인트 현황 기본 스킨</title>
	<title xml:lang="zh-CN">在线会员积分现况默认皮肤</title>
	<description xml:lang="ko">포인트 현황 출력 위젯의 기본 스킨입니다.</description>
	<description xml:lang="zh-CN">显示在线会员积分现况的默认皮肤。</description>
	<version>0.1</version>
	<date>2008-04-23</date>
	<link>http://www.zeroboard.com</link>

	<author email_address="zero@zeroboard.com" link="http://www.zeroboard.com">
		<name xml:lang="ko">제로</name>
		<name xml:lang="zh-CN">zero</name>
	</author>

	<colorset>
		<color name="normal">
			<title xml:lang="ko">기본 컬러</title>
			<title xml:lang="jp">デフォルトカラー</title>
			<title xml:lang="zh-CN">默认颜色</title>
			<title xml:lang="en">Default color</title>
		</color>
	</colorset>
</skin>