<query id="getDocuments" action="select">
    <tables>
        <table name="documents" />
    </tables>
    <columns>
        <column name="*" />
    </columns>
    <conditions>
        <condition operation="in" column="document_srl" var="document_srls" notnull="notnull" />
    </conditions>
    <navigation>
        <index var="list_order" default="list_order" order="asc" />
        <list_count var="list_count" default="20" />
        <page_count var="page_count" default="10" />
        <page var="page" default="1" />
    </navigation>
</query>
