<?xml version="1.0" encoding="UTF-8"?>
<module version="0.2">
    <title xml:lang="ko">문서</title>
    <title xml:lang="en">Document</title>
    <title xml:lang="es">Documento</title>
    <title xml:lang="zh-CN">主题</title>
    <title xml:lang="jp">ドキュメント</title>
    <title xml:lang="ru">Документы</title>
    <description xml:lang="ko">게시판, 블로그등의 모듈에서 사용되는 문서를 관리하는 모듈입니다. </description>
    <description xml:lang="en">Module for managing documents used in board, blog, etc.</description>
    <description xml:lang="es">Módulo para manejar los documentos en blog y en los tableros.</description>
    <description xml:lang="zh-CN">管理版面，博客等处主题的模块。 </description>
    <description xml:lang="jp">掲示板、ブログなどのモジュールで使用されるドキュメント（書き込み）を管理するモジュルです。</description>
    <description xml:lang="ru">Модуль для управления документами в форуме, блоге и прочее.</description>
    <version>0.1</version>
    <date>2007-02-28</date>
    <category>utility</category>

    <author email_address="zero@zeroboard.com" link="http://www.zeroboard.com">
        <name xml:lang="ko">제로</name>
        <name xml:lang="en">Zero</name>
        <name xml:lang="es">zero</name>
        <name xml:lang="zh-CN">zero</name>
        <name xml:lang="jp">Zero</name>
        <name xml:lang="ru">zero</name>
    </author>
</module>