<?xml version="1.0" encoding="utf-8"?>
<addon version="0.1">
    <title xml:lang="ko">Google Analytics</title>
    <title xml:lang="zh-CN">Google Analytics</title>
    <title xml:lang="en">Google Analytics</title>
	<title xml:lang="es">Google Analytics</title>
    <title xml:lang="ru">Google Analytics</title>
    <title xml:lang="jp">Google Analyticsアドオン</title>
    <author email_address="zero@zeroboard.com" link="http://www.zeroboard.com" date="2007. 9. 19">
        <name xml:lang="ko">제로</name>
        <name xml:lang="zh-CN">Zero</name>
        <name xml:lang="en">Zero</name>
		<name xml:lang="es">Zero</name>
        <name xml:lang="ru">Zero</name>
        <name xml:lang="jp">Zero</name>
        <description xml:lang="ko">
            Google Analytics 코드를 사이트에 추가할 수 있습니다.
        </description>
        <description xml:lang="zh-CN">
            可以添加Google Analytics代码。
        </description>
        <description xml:lang="en">
            This addon inserts Google Analytics code to site.
        </description>
		<description xml:lang="es">
            Este addon inserciones Google Analytics código de sitio.
        </description>
        <description xml:lang="ru">
            Google Analytics
        </description>
        <description xml:lang="jp">
            Google Analyticsのコードをサイトに挿入できます。
        </description>
	</author>
    <extra_vars>
        <var name="uacct">
            <title xml:lang="ko">uacct</title>
            <title xml:lang="zh-CN">uacct</title>
            <title xml:lang="en">uacct</title>
			<title xml:lang="es">Uacct</title>
            <title xml:lang="ru">uacct</title>
            <title xml:lang="jp">uacct</title>
			<description xml:lang="ko">Google Analytics 코드의 _uacct 값을 입력해주세요.</description>
			<description xml:lang="zh-CN">请输入Google Analytics代码的_uacct值。</description>
			<description xml:lang="en">Please input _uacct from Google Analytics code.</description>
			<description xml:lang="es">Por favor, de entrada _uacct código de Google Analytics.</description>
			<description xml:lang="ru">Google Analytics _uacct</description>
			<description xml:lang="jp">Google Analyticsコードの「_uacct」の値を入力してください。</description>
		</var>
    </extra_vars>
</addon>
