<?xml version="1.0" encoding="utf-8"?>
<addon version="0.1">
  <title xml:lang="ko">BlogAPI 애드온</title>
  <title xml:lang="jp">BlogAPI アドオン</title>
  <title xml:lang="zh-CN">BlogAPI</title>
  <title xml:lang="en">Addon for BlogAPI</title>
  <title xml:lang="ge">Addon für BlogAPI</title>
  <title xml:lang="es">Addon para BlogAPI</title>
  <title xml:lang="ru">Аддон для BlogAPI</title>
  <author email_address="zero@zeroboard.com" link="http://www.zeroboard.com" date="2007. 2. 28">
    <name xml:lang="ko">제로</name>
    <name xml:lang="jp">Zero</name>
    <name xml:lang="zh-CN">zero</name>
    <name xml:lang="en">zero</name>
	<name xml:lang="ge">zero</name>
    <name xml:lang="es">zero</name>
    <name xml:lang="ru">zero</name>
    <description xml:lang="ko">
        metaWeblog를 지원하는 blogApi애드온입니다.
        사용으로 설정하시면 각 모듈마다 RSD 태그를 노출합니다.
        api의 주소는 http://설치주소/모듈명/api 입니다.
        사용으로 하셔야 RSD태그 및 api가 동작을 합니다.
    </description>
    <description xml:lang="jp">
        MetaWeblogをサポートするBlogAPI アドオンです。
        「使用する」をクリックして設定すると各モジュールごとRSDのアドレスを表示します。
        API のアドレスは「http://インストールＵＲＬ/モジュール名/api」です。
        「使用する」に設定しておけば  RSDのアドレスが表示され、 API が動作します。
    </description>
    <description xml:lang="zh-CN">
        支持metaWeblog的 blogApi插件。
        设置为"启用"时,会使每个模块都会显示RSD标签。
        api地址为http://安装地址/模块名/api。
        把状态设置为"使用"时，才会激活RSD标签及api。
    </description>
    <description xml:lang="en">
        This blogApi addon supports metaWeblog.
        By using this option, it lets the RSD tag to be exposed to each module.
        URL to the api is http://setup_path/module_name/api.
		RSD tag and the api will work only if u use this addon.
    </description>
	<description xml:lang="ge">
        Diese blogApi addon metaWeblog unterstützt.
        Durch die Verwendung dieser Option, die es ermöglicht RSD Tag ausgesetzt werden jedes Modul.
        URL der api ist http://setup_path/module_name/api.
        RSD-Tag und dem API arbeiten und nur dann, wenn Sie über dieses Addon.
    </description>
    <description xml:lang="es">
        Este blogApi addon soporta el metaWeblog.
        Si seleccionas la optión usar, cada módulo entregará la etiqueta RSD.
        La dirección de api es http://dirección de la instalación/nombre de módulo/api.
        Sólo si seleccionas la opción usar, funcionará la etiqueta RSD y api.
    </description>
    <description xml:lang="ru">
        Этот blogApi аддон поддерживает metaWeblog.
        Включая это опицией использовать, позволяет RSD тегу быть доступным для каждого модуля.
        URL для api - http://setup_path/module_name/api.
        Только выбор опции использовать включает поведение RSD тега и api.
    </description>
  </author>
</addon>
