<?xml version="1.0" encoding="utf-8"?>
<widget version="0.1">
    <title xml:lang="ko">최근 엮인글 출력</title>
    <title xml:lang="zh-CN">引用列表</title>
    <title xml:lang="jp">最近のトラックバック</title>
    <title xml:lang="en">Display Newest Trackbacks</title>
	<title xml:lang="es">Mostrar Trackbacks recientes</title>
    <author email_address="zero@zeroboard.com" link="http://www.zeroboard.com" date="2007. 2. 28">
        <name xml:lang="ko">제로</name>
        <name xml:lang="zh-CN">zero</name>
        <name xml:lang="jp">Zero</name>
        <name xml:lang="en">zero</name>
		<name xml:lang="es">zero</name>
        <description xml:lang="ko">최근 엮인글 (trackback)을 출력하는 위젯입니다.</description>
        <description xml:lang="zh-CN">显示最新引用 (trackback)列表的控件。</description>
        <description xml:lang="jp">最近のトラックバック（trackback）を表示させるウィジェットです。</description>
        <description xml:lang="en">This widget displays newest trackbacks</description>
		<description xml:lang="es">Este widget muestra los trackbacks recientes</description>
    </author>
    <extra_vars>
        <var id="title">
            <name xml:lang="ko">제목</name>
            <name xml:lang="zh-CN">栏目名</name>
            <name xml:lang="jp">タイトル</name>
            <name xml:lang="en">Title</name>
			<name xml:lang="es">Título</name>
            <type>text</type>
            <description xml:lang="ko">최근 엮인글 제목으로 출력됩니다.</description>
            <description xml:lang="zh-CN">显示为最新引用列表的标题。</description>
            <description xml:lang="jp">最新のトラックバックタイトルとして表示されます。</description>
            <description xml:lang="en">This will be the title of the Newest Trackbacks to be displayed.</description>
			<description xml:lang="es">Este será el título de los trackbacks recientes.</description>
        </var>
        <var id="list_count">
            <name xml:lang="ko">목록수</name>
            <name xml:lang="zh-CN">目录数</name>
            <name xml:lang="jp">リスト数</name>
            <name xml:lang="en">The number of list</name>
			<name xml:lang="es">Número de la lista</name>
            <type>text</type>
            <description xml:lang="ko">출력될 목록의 수를 정하실 수 있습니다. (기본 5개)</description>
            <description xml:lang="zh-CN">可设置要显示的目录数。 (默认为5个)</description>
            <description xml:lang="jp">出力されるリストの数を指定することができます（デフォルト５個）</description>
            <description xml:lang="en">You can set the number of list to be displayed.(default is 5)</description>
			<description xml:lang="es">Usted puede definir el número de listas a mostrar.(predefinido: 5)</description>
        </var>
        <var id="mid_list">
            <name xml:lang="ko">대상 모듈</name>
            <name xml:lang="zh-CN">模块对象</name>
            <name xml:lang="jp">モジュール</name>
            <name xml:lang="en">Target Module</name>
			<name xml:lang="es">Módulo Objetivo</name>
            <type>mid_list</type>
            <description xml:lang="ko">선택하신 모듈에 등록된 글을 대상으로 합니다.</description>
            <description xml:lang="zh-CN">将把被选模块当中的主题作为对象。</description>
            <description xml:lang="jp">チェックされたモジュールに登録されたコンテンツ（書き込み）を対象とします。</description>
            <description xml:lang="en">The target articles for the newest trackbacks will be the ones submitted in the selected module.</description>
			<description xml:lang="es">Objetivo de los documentos agregados serán los del módulo seleccionado.</description>
        </var>
    </extra_vars>
</widget>
