<?xml version="1.0" encoding="UTF-8"?>
<skin version="0.2">
    <title xml:lang="ko">XE 최신글 스킨 (목록형)</title>
    <title xml:lang="jp">XEデフォルトレイアウト用の最新コンテンツ表示スキン</title>
    <title xml:lang="zh-CN">XE目录型最新主题列表样式皮肤</title>
    <title xml:lang="en">XE Official Layout's newest document skin</title>
    <title xml:lang="es">XE Oficial de diseño más nuevo documento de la piel</title>
    <description xml:lang="ko">
        XE 공식 레이아웃에 적합한 최신글 스킨입니다.
        디자인 : 이소라 (http://ra-ra.pe.kr)
        퍼블리싱 : 정찬명 (http://naradesign.net)
        레이아웃 제작 : zero (http://blog.nzeo.com)
    </description>
    <description xml:lang="jp">
        XEデフォルトレイアウトに最も適した最新コンテンツ表示用のスキンです。
        デザイン：イソラ（http://ra-ra.pe.kr）
        パブリシング：ジョンチャンミョン（http://naradesign.net）
        レイアウト作成：Zero (http://blog.nzeo.com)
    </description>
    <description xml:lang="zh-CN">
        官方网站最新主题列表样式皮肤。
        设计 : So-Ra Lee(http://ra-ra.pe.kr)
        HTML/CSS : Chan-Myung Jeong(http://naradesign.net)
        布局: zero (http://blog.nzeo.com)
    </description>
    <description xml:lang="en">
        It is a skin suitable for the XE official layout.
        Design : So-Ra Lee (http://ra-ra-.pe.kr)
        HTML/CSS : Chan-Myung Jeong(http://naradesign.net)
        Layout : zero (http://blog.nzeo.com)
    </description>
    <description xml:lang="es">
        Se trata de una piel adecuada para el diseño XE oficial.
        Diseño: So-Ra Lee (http://ra-ra-.pe.kr)
        HTML / CSS: Jeong Chan-Myung (http://naradesign.net)
        Diseño: Zero (http://blog.nzeo.com)
    </description>
    <version>0.1</version>
    <date>2007-08-01</date>
    <link>http://www.zeroboard.com</link>

    <author email_address="zero@zeroboard.com" link="http://www.zeroboard.com">
        <name xml:lang="ko">제로</name>
        <name xml:lang="jp">zero</name>
        <name xml:lang="zh-CN">Zero</name>
        <name xml:lang="en">zero</name>
    </author>

    <colorset>
        <color name="white">
            <title xml:lang="ko">흰색 바탕용</title>
            <title xml:lang="jp">白い背景用</title>
            <title xml:lang="zh-CN">白色背景</title>
            <title xml:lang="en">White Background</title>
        <title xml:lang="es">Fondo blanco</title>
        </color>
        <color name="black">
            <title xml:lang="ko">어두운 바탕용</title>
            <title xml:lang="jp">暗い背景用</title>
            <title xml:lang="zh-CN">暗色背景</title>
            <title xml:lang="en">Dark Background</title>
        <title xml:lang="es">Dark Antecedentes</title>
        </color>
    </colorset>
</skin>