<?xml version="1.0" encoding="utf-8"?>
<module version="0.1" category="service">
    <title xml:lang="ko">스프링노트 연동</title>
    <title xml:lang="jp">スプリングノート連動</title>
    <title xml:lang="zh-CN">Springnote API</title>
	<title xml:lang="en">Springnote</title>
	<title xml:lang="es">Springnote</title>
	<title xml:lang="ru">Спрингноут</title>
    <author email_address="zero@zeroboard.com" link="http://www.zeroboard.com" date="2007.11.30">
        <name xml:lang="ko">제로</name>
        <name xml:lang="jp">Zero</name>
		<name xml:lang="zh-CN">Zero</name>
		<name xml:lang="en">Zero</name>
		<name xml:lang="es">Zero</name>
		<name xml:lang="ru">Zero</name>
        <description xml:lang="ko">스프링노트의 페이지를 제로보드XE에서 연동하여 출력하는 기능을 가지고 있는 모듈입니다.</description>
        <description xml:lang="jp">スプリングノートのページをゼロボードXEと連動させて出力する機能のモジュールです。</description>
        <description xml:lang="zh-CN">把Springnote网站页面整合到Zeroboard XE的模块。</description>
		<description xml:lang="en">This modules links pages of Springnote with ZeroboardXE, and display them.</description>
		<description xml:lang="es">Esta módulos de enlaces de páginas Springnote con ZeroboardXE, y lo muestra.</description>
		<description xml:lang="ru">Этот модуль связывает страницы Springnote с ZeroboardXE, и отображает их.</description>
    </author>
</module>
