<?xml version="1.0" encoding="UTF-8"?>
<module version="0.2">
    <title xml:lang="ko">꼬리표</title>
    <title xml:lang="zh-CN">标签</title>
    <title xml:lang="jp">タグ</title>
    <title xml:lang="en">Tag</title>
    <title xml:lang="es">Etiqueta</title>
    <title xml:lang="ru">Теги</title>
    <description xml:lang="ko">꼬리표 관리 모듈</description>
    <description xml:lang="zh-CN">标签管理模块。</description>
    <description xml:lang="jp">タグ管理用のモジュールです。</description>
    <description xml:lang="en">Module for managing tags.</description>
    <description xml:lang="es">Módulo para manejar etiquetas.</description>
    <description xml:lang="ru">Модуль для управления тегами.</description>
    <version>0.1</version>
    <date>2007-02-28</date>
    <category>utility</category>
    <link>http://www.zeroboard.com</link>

    <author email_address="zero@zeroboard.com" link="http://www.zeroboard.com">
        <name xml:lang="ko">제로</name>
        <name xml:lang="zh-CN">Zero</name>
        <name xml:lang="jp">Zero</name>
        <name xml:lang="en">Zero</name>
        <name xml:lang="es">Zero</name>
        <name xml:lang="ru">zero</name>
    </author>
</module>