<?xml version="1.0" encoding="utf-8"?>
<skin>
  <title xml:lang="ko">Simulz 포인트 랭킹 스킨</title>
  <title xml:lang="jp">Simulz ポイントランキングスキン</title>
  <title xml:lang="en">Simulz Point Ranking Skin</title>
  <title xml:lang="zh-CN">Simulz会员积分排行榜皮肤</title>
  <maker email_address="k10206@naver.com" link="http://www.simulz.com" date="2007. 8. 29">
    <name xml:lang="ko">Simulz</name>
    <name xml:lang="jp">Simulz</name>
	<name xml:lang="en">Simulz</name>
	<name xml:lang="zh-CN">Simulz</name>
    <description xml:lang="ko">
        Simulz 포인트 랭킹 스킨입니다.
    </description>
    <description xml:lang="jp">
        Simulz ポイントランキングスキンです。
    </description>
	<description xml:lang="en">
        This is Simulz Point Ranking Skin.
    </description>
	<description xml:lang="zh-CN">
        Simulz样式会员积分排行榜皮肤。
    </description>
  </maker>
  <colorset>
    <colorset>
    <color name="Box_000">
      <title xml:lang="ko">기본</title>
      <title xml:lang="jp">デフォルト</title>
	  <title xml:lang="en">Default</title>
	  <title xml:lang="zh-CN">默认</title>
    </color>
    <color name="Box_001">
      <title xml:lang="ko">회색</title>
      <title xml:lang="jp">灰</title>
	  <title xml:lang="en">Gray</title>
	  <title xml:lang="zh-CN">灰色</title>
    </color>
    <color name="Box_002">
      <title xml:lang="ko">연두</title>
      <title xml:lang="jp">薄緑</title>
	  <title xml:lang="en">Yellowish Green</title>
	  <title xml:lang="zh-CN">淡绿</title>
    </color>
    <color name="Box_003">
      <title xml:lang="ko">분홍</title>
      <title xml:lang="jp">ピンク</title>
	  <title xml:lang="en">Pink</title>
	  <title xml:lang="zh-CN">粉红</title>
    </color>
    <color name="Box_004">
      <title xml:lang="ko">보라</title>
      <title xml:lang="jp">紫</title>
	  <title xml:lang="en">Purple</title>
	  <title xml:lang="zh-CN">淡青</title>
    </color>
    <color name="Box_005">
      <title xml:lang="ko">밝은 파랑</title>
      <title xml:lang="jp">水</title>
	  <title xml:lang="en">Bright Blue</title>
	  <title xml:lang="zh-CN">浅蓝</title>
    </color>
    <color name="Box_006">
      <title xml:lang="ko">청록</title>
      <title xml:lang="jp">青緑</title>
	  <title xml:lang="en">Bluish Green</title>
	  <title xml:lang="zh-CN">青绿</title>
    </color>
    <color name="Box_007">
      <title xml:lang="ko">초록</title>
      <title xml:lang="jp">緑</title>
	  <title xml:lang="en">Green</title>
	  <title xml:lang="zh-CN">草绿</title>
    </color>
    <color name="Box_008">
      <title xml:lang="ko">노랑</title>
      <title xml:lang="jp">黄</title>
	  <title xml:lang="en">Yellow</title>
	  <title xml:lang="zh-CN">黄色</title>
    </color>
    <color name="Box_009">
      <title xml:lang="ko">파랑</title>
      <title xml:lang="jp">青</title>
	  <title xml:lang="en">Blue</title>
	  <title xml:lang="zh-CN">蓝色</title>
    </color>
  </colorset>
</skin>
