<?xml version="1.0" encoding="utf-8"?>
<module version="0.1" category="utility">
    <title xml:lang="ko">댓글</title>
    <title xml:lang="jp">コメント</title>
    <title xml:lang="zh-CN">评论</title>
    <title xml:lang="en">Comment</title>
    <title xml:lang="es">Commentarios</title>
    <title xml:lang="ru">Комментарии</title>
    <author email_address="zero@zeroboard.com" link="http://www.zeroboard.com" date="2007. 2. 28">
        <name xml:lang="ko">제로</name>
        <name xml:lang="jp">Zero</name>
        <name xml:lang="zh-CN">zero</name>
        <name xml:lang="en">zero</name>
        <name xml:lang="es">zero</name>
        <name xml:lang="ru">zero</name>
        <description xml:lang="ko">게시판이나 블로그등의 댓글을 관리하는 모듈입니다.</description>
        <description xml:lang="jp">掲示板やブログなどのコメントを管理するモジュールです。</description>
        <description xml:lang="zh-CN">管理版面或博客评论的模块。</description>
        <description xml:lang="en">Module for managing board/blog's comments</description>
        <description xml:lang="es">Es el módulo para manejar commentarios en blog o boletínes.</description>
        <description xml:lang="ru">Модуль для управления комментариями форума/блога.</description>
    </author>
</module>
