<?xml version="1.0" encoding="utf-8"?>
<addon version="0.1">
  <title xml:lang="ko">스팸필터 애드온</title>
  <title xml:lang="zh-CN">垃圾过滤</title>
  <title xml:lang="en">Addon for filtering spam</title>
  <title xml:lang="es">Adición Filtros para artículos no deseado</title>
  <title xml:lang="jp">スパムフィルター</title>
  <author email_address="zero@zeroboard.com" link="http://www.zeroboard.com" date="2007. 2. 28">
    <name xml:lang="ko">제로</name>
    <name xml:lang="en">zero</name>
    <name xml:lang="zh-CN">zero</name>
    <name xml:lang="es">zero</name>
    <name xml:lang="jp">Zero</name>
    <description xml:lang="ko">
        SpamFilter 모듈을 이용하여 글/코멘트/트랙백 등록 이전에 스팸 필터링 및 도배 방지를 합니다.
        자세한 설정은 &quot; 스팸필터 모듈&quot; 에서 해주세요.
    </description>
    <description xml:lang="zh-CN">
        利用垃圾过滤模块在发表主题/评论/引用之前进行垃圾过滤。
        请在&quot; 垃圾过滤模块&quot;中详细设置。
    </description>
    <description xml:lang="en">
        This addon filters spam and prevents users from cluttering before saving entries, comments, or trackbacks to database by setting SpamFilter module.
        You can set up more details on &quot;Spam Filter module&quot;.
    </description>
    <description xml:lang="es">
        Utiliza SpamFilter para bloquear los artículos/ commentarios/ trackback no deseado.
        Para configurar haga clic &quot; Configurar la modula SpamFilter.&quot;..º
    </description>
    <description xml:lang="jp">
        SpamFilterモジュールを利用して書き込み・コメント・トラックバックが登録される前にフィルタリングを行います。更に連続書き込みやロボットによる自動書き込みなどを防ぐことができます。詳細な設定は &quot; スパムフィルターモジュール &quot; で行ってください。
    </description>
  </author>
</addon>
