<?xml version="1.0" encoding="utf-8"?>
<module version="0.1">
    <title xml:lang="ko">포인트 시스템</title>
    <title xml:lang="zh-CN">积分系统</title>
    <title xml:lang="jp">ポイントシステム</title>
    <title xml:lang="en">Point System</title>
	<title xml:lang="es">Sistema de Punto</title>
    <author email_address="zero@zeroboard.com" link="http://www.zeroboard.com" date="2007. 7. 26">
        <name xml:lang="ko">제로</name>
        <name xml:lang="zh-CN">Zero</name>
        <name xml:lang="jp">Zero</name>
        <name xml:lang="en">zero</name>
		<name xml:lang="en">zero</name>
        <description xml:lang="ko">
            글작성/삭제/댓글작성/삭제시에 포인트를 부여할 수 있습니다.
            포인트마다 레벨을 지정하여 사용자 이름 앞에 아이콘을 표시할 수도 있습니다.
            단 포인트 관련 애드온을 활성화 시키셔야 됩니다.
        </description>
        <description xml:lang="zh-CN">
            可以在发表/删除新帖，发表/删除评论时，付与相应积分。
            也可以以积分设置级别，并在用户名前显示级别图标。
            必须是先激活积分系统才可以使用。
        </description>
        <description xml:lang="jp">
            書き込み作成・削除/コメント作成・削除の活動に対するポイントを計算するシステムです。ポイントごとレベルを指定してユーザ名の前にアイコンを表示させることができます。但し、ポイントシステムアドオンを「使用」に設定しないと作動しません。
        </description>
        <description xml:lang="en">
            You can grant point on writing/deleting/adding comments/deleting comments.
            You can also display point icon in front of user name by selecting level on each point.
            But to enable these functions, you need to activate point related addons.
        </description>
		<description xml:lang="es">
            Usted puede entregar puntos a las acciones de escribir/eliminar/agregar comentarios/eliminar comentarios.
            Usted también puede mostrar el ícono de punto delande del nombre del usuario seleccionando el nivel sobre cada puntos.
            Pero para activar esas funciones, Usted necesita activar addon relacionado a los puntos.
        </description>
    </author>
</module>
